Transaction_ID,cash_type,money,coffee_name,Time_of_Day,Weekday,Month_name,Weekdaysort,Monthsort,Date,Time,hour_of_day
TXN-00001,card,38.7,Latte,Morning,Fri,Mar,5,3,01-03-2024,10:15:51,10
TXN-00002,card,38.7,Hot Chocolate,Afternoon,Fri,Mar,5,3,01-03-2024,12:19:23,12
TXN-00003,card,38.7,Hot Chocolate,Afternoon,Fri,Mar,5,3,01-03-2024,12:20:18,12
TXN-00004,card,28.9,Americano,Afternoon,Fri,Mar,5,3,01-03-2024,13:46:33,13
TXN-00005,card,38.7,Latte,Afternoon,Fri,Mar,5,3,01-03-2024,13:48:15,13
TXN-00006,card,33.8,Americano with Milk,Afternoon,Fri,Mar,5,3,01-03-2024,15:39:48,15
TXN-00007,card,38.7,Hot Chocolate,Afternoon,Fri,Mar,5,3,01-03-2024,16:19:03,16
TXN-00008,card,33.8,Americano with Milk,Night,Fri,Mar,5,3,01-03-2024,18:39:04,18
TXN-00009,card,38.7,Cocoa,Night,Fri,Mar,5,3,01-03-2024,19:22:02,19
TXN-00010,card,33.8,Americano with Milk,Night,Fri,Mar,5,3,01-03-2024,19:23:16,19
TXN-00011,card,33.8,Americano with Milk,Night,Fri,Mar,5,3,01-03-2024,19:29:17,19
TXN-00012,card,28.9,Americano,Morning,Sat,Mar,6,3,02-03-2024,10:22:07,10
TXN-00013,card,33.8,Americano with Milk,Morning,Sat,Mar,6,3,02-03-2024,10:41:41,10
TXN-00014,card,33.8,Americano with Milk,Morning,Sat,Mar,6,3,02-03-2024,11:59:45,11
TXN-00015,card,28.9,Americano,Afternoon,Sat,Mar,6,3,02-03-2024,14:38:36,14
TXN-00016,card,33.8,Americano with Milk,Afternoon,Sat,Mar,6,3,02-03-2024,16:37:24,16
TXN-00017,card,28.9,Americano,Night,Sat,Mar,6,3,02-03-2024,17:34:55,17
TXN-00018,card,38.7,Latte,Morning,Sun,Mar,7,3,03-03-2024,10:27:19,10
TXN-00019,card,28.9,Cortado,Morning,Sun,Mar,7,3,03-03-2024,11:33:56,11
TXN-00020,card,28.9,Americano,Afternoon,Sun,Mar,7,3,03-03-2024,12:26:56,12
TXN-00021,card,38.7,Hot Chocolate,Afternoon,Sun,Mar,7,3,03-03-2024,13:09:36,13
TXN-00022,card,38.7,Cocoa,Night,Sun,Mar,7,3,03-03-2024,17:06:40,17
TXN-00023,card,28.9,Cortado,Night,Sun,Mar,7,3,03-03-2024,17:08:46,17
TXN-00024,card,33.8,Americano with Milk,Night,Sun,Mar,7,3,03-03-2024,18:03:23,18
TXN-00025,card,33.8,Americano with Milk,Night,Sun,Mar,7,3,03-03-2024,18:04:28,18
TXN-00026,card,38.7,Hot Chocolate,Night,Sun,Mar,7,3,03-03-2024,18:08:05,18
TXN-00027,card,38.7,Latte,Morning,Mon,Mar,1,3,04-03-2024,10:03:52,10
TXN-00028,card,38.7,Latte,Morning,Mon,Mar,1,3,04-03-2024,10:54:51,10
TXN-00029,card,33.8,Americano with Milk,Morning,Mon,Mar,1,3,04-03-2024,11:05:16,11
TXN-00030,card,24,Espresso,Afternoon,Mon,Mar,1,3,04-03-2024,14:04:38,14
TXN-00031,card,38.7,Latte,Morning,Tue,Mar,2,3,05-03-2024,09:59:53,9
TXN-00032,card,38.7,Latte,Afternoon,Tue,Mar,2,3,05-03-2024,14:34:56,14
TXN-00033,card,38.7,Latte,Night,Tue,Mar,2,3,05-03-2024,17:34:06,17
TXN-00034,card,38.7,Hot Chocolate,Night,Tue,Mar,2,3,05-03-2024,17:35:25,17
TXN-00035,card,38.7,Cocoa,Night,Tue,Mar,2,3,05-03-2024,17:36:29,17
TXN-00036,card,38.7,Hot Chocolate,Night,Tue,Mar,2,3,05-03-2024,17:37:14,17
TXN-00037,card,38.7,Hot Chocolate,Night,Tue,Mar,2,3,05-03-2024,17:38:09,17
TXN-00038,card,28.9,Cortado,Night,Tue,Mar,2,3,05-03-2024,17:56:16,17
TXN-00039,card,38.7,Hot Chocolate,Night,Tue,Mar,2,3,05-03-2024,18:01:31,18
TXN-00040,card,28.9,Americano,Afternoon,Wed,Mar,3,3,06-03-2024,13:24:08,13
TXN-00041,card,28.9,Cortado,Afternoon,Wed,Mar,3,3,06-03-2024,13:25:14,13
TXN-00042,card,38.7,Cappuccino,Afternoon,Wed,Mar,3,3,06-03-2024,14:52:02,14
TXN-00043,card,38.7,Cappuccino,Afternoon,Wed,Mar,3,3,06-03-2024,14:53:18,14
TXN-00044,card,38.7,Hot Chocolate,Morning,Thu,Mar,4,3,07-03-2024,10:18:41,10
TXN-00045,card,38.7,Latte,Morning,Thu,Mar,4,3,07-03-2024,11:03:59,11
TXN-00046,card,28.9,Americano,Afternoon,Thu,Mar,4,3,07-03-2024,15:40:23,15
TXN-00047,card,33.8,Americano with Milk,Afternoon,Thu,Mar,4,3,07-03-2024,15:41:29,15
TXN-00048,card,28.9,Cortado,Morning,Fri,Mar,5,3,08-03-2024,10:34:41,10
TXN-00049,card,38.7,Cappuccino,Afternoon,Fri,Mar,5,3,08-03-2024,12:22:29,12
TXN-00050,card,28.9,Americano,Afternoon,Fri,Mar,5,3,08-03-2024,13:53:02,13
TXN-00051,card,28.9,Americano,Afternoon,Fri,Mar,5,3,08-03-2024,14:44:13,14
TXN-00052,card,28.9,Americano,Afternoon,Fri,Mar,5,3,08-03-2024,14:45:11,14
TXN-00053,card,33.8,Americano with Milk,Afternoon,Fri,Mar,5,3,08-03-2024,14:46:11,14
TXN-00054,card,38.7,Latte,Night,Fri,Mar,5,3,08-03-2024,18:57:51,18
TXN-00055,card,38.7,Latte,Night,Fri,Mar,5,3,08-03-2024,18:59:25,18
TXN-00056,card,24,Espresso,Afternoon,Sat,Mar,6,3,09-03-2024,12:05:16,12
TXN-00057,card,28.9,Americano,Afternoon,Sat,Mar,6,3,09-03-2024,12:07:38,12
TXN-00058,card,38.7,Cappuccino,Afternoon,Sat,Mar,6,3,09-03-2024,12:09:48,12
TXN-00059,card,28.9,Americano,Afternoon,Sat,Mar,6,3,09-03-2024,12:13:04,12
TXN-00060,card,28.9,Americano,Afternoon,Sat,Mar,6,3,09-03-2024,12:14:26,12
TXN-00061,card,38.7,Latte,Afternoon,Sat,Mar,6,3,09-03-2024,13:09:22,13
TXN-00062,card,33.8,Americano with Milk,Afternoon,Sat,Mar,6,3,09-03-2024,13:41:06,13
TXN-00063,card,28.9,Cortado,Afternoon,Sat,Mar,6,3,09-03-2024,13:53:10,13
TXN-00064,card,38.7,Cappuccino,Afternoon,Sat,Mar,6,3,09-03-2024,13:54:37,13
TXN-00065,card,33.8,Americano with Milk,Afternoon,Sat,Mar,6,3,09-03-2024,14:08:02,14
TXN-00066,card,38.7,Hot Chocolate,Afternoon,Sat,Mar,6,3,09-03-2024,14:26:53,14
TXN-00067,card,38.7,Cappuccino,Night,Sat,Mar,6,3,09-03-2024,19:17:58,19
TXN-00068,card,38.7,Hot Chocolate,Night,Sat,Mar,6,3,09-03-2024,19:19:10,19
TXN-00069,card,24,Espresso,Morning,Sun,Mar,7,3,10-03-2024,11:19:21,11
TXN-00070,card,38.7,Latte,Night,Sun,Mar,7,3,10-03-2024,19:34:00,19
TXN-00071,card,28.9,Cortado,Night,Sun,Mar,7,3,10-03-2024,19:35:55,19
TXN-00072,card,38.7,Cappuccino,Morning,Mon,Mar,1,3,11-03-2024,11:32:59,11
TXN-00073,card,28.9,Americano,Afternoon,Mon,Mar,1,3,11-03-2024,16:24:26,16
TXN-00074,card,38.7,Latte,Afternoon,Mon,Mar,1,3,11-03-2024,16:25:46,16
TXN-00075,card,28.9,Cortado,Afternoon,Mon,Mar,1,3,11-03-2024,16:50:50,16
TXN-00076,card,28.9,Americano,Morning,Tue,Mar,2,3,12-03-2024,10:15:35,10
TXN-00077,card,28.9,Cortado,Morning,Tue,Mar,2,3,12-03-2024,10:16:25,10
TXN-00078,card,38.7,Hot Chocolate,Morning,Tue,Mar,2,3,12-03-2024,11:20:46,11
TXN-00079,card,33.8,Americano with Milk,Afternoon,Tue,Mar,2,3,12-03-2024,12:46:23,12
TXN-00080,card,28.9,Americano,Afternoon,Tue,Mar,2,3,12-03-2024,12:47:26,12
TXN-00081,card,28.9,Americano,Afternoon,Tue,Mar,2,3,12-03-2024,16:15:43,16
TXN-00082,card,38.7,Hot Chocolate,Morning,Wed,Mar,3,3,13-03-2024,11:06:43,11
TXN-00083,card,28.9,Americano,Morning,Wed,Mar,3,3,13-03-2024,11:48:17,11
TXN-00084,card,28.9,Americano,Afternoon,Wed,Mar,3,3,13-03-2024,12:18:06,12
TXN-00085,card,28.9,Americano,Afternoon,Wed,Mar,3,3,13-03-2024,12:19:05,12
TXN-00086,card,33.8,Americano with Milk,Afternoon,Wed,Mar,3,3,13-03-2024,14:26:41,14
TXN-00087,card,24,Espresso,Afternoon,Wed,Mar,3,3,13-03-2024,15:40:22,15
TXN-00088,card,24,Espresso,Afternoon,Wed,Mar,3,3,13-03-2024,15:41:20,15
TXN-00089,card,24,Espresso,Afternoon,Wed,Mar,3,3,13-03-2024,16:47:09,16
TXN-00090,card,38.7,Latte,Morning,Thu,Mar,4,3,14-03-2024,10:28:33,10
TXN-00091,card,38.7,Hot Chocolate,Morning,Thu,Mar,4,3,14-03-2024,10:29:34,10
TXN-00092,card,28.9,Cortado,Afternoon,Thu,Mar,4,3,14-03-2024,13:27:30,13
TXN-00093,card,28.9,Americano,Afternoon,Thu,Mar,4,3,14-03-2024,13:28:25,13
TXN-00094,card,33.8,Americano with Milk,Afternoon,Thu,Mar,4,3,14-03-2024,13:52:00,13
TXN-00095,card,24,Espresso,Afternoon,Thu,Mar,4,3,14-03-2024,13:52:56,13
TXN-00096,card,38.7,Latte,Afternoon,Thu,Mar,4,3,14-03-2024,15:20:38,15
TXN-00097,card,33.8,Americano with Milk,Afternoon,Thu,Mar,4,3,14-03-2024,16:04:10,16
TXN-00098,card,24,Espresso,Afternoon,Thu,Mar,4,3,14-03-2024,16:54:38,16
TXN-00099,card,38.7,Hot Chocolate,Night,Thu,Mar,4,3,14-03-2024,18:58:56,18
TXN-00100,card,28.9,Cortado,Night,Thu,Mar,4,3,14-03-2024,19:00:09,19
TXN-00101,card,38.7,Hot Chocolate,Morning,Fri,Mar,5,3,15-03-2024,10:53:02,10
TXN-00102,card,28.9,Americano,Night,Fri,Mar,5,3,15-03-2024,18:19:28,18
TXN-00103,card,33.8,Americano with Milk,Afternoon,Sat,Mar,6,3,16-03-2024,12:06:55,12
TXN-00104,card,28.9,Americano,Afternoon,Sat,Mar,6,3,16-03-2024,12:07:54,12
TXN-00105,card,28.9,Cortado,Afternoon,Sat,Mar,6,3,16-03-2024,15:58:18,15
TXN-00106,card,28.9,Cortado,Afternoon,Sat,Mar,6,3,16-03-2024,16:03:22,16
TXN-00107,card,28.9,Cortado,Afternoon,Sat,Mar,6,3,16-03-2024,16:04:11,16
TXN-00108,card,33.8,Americano with Milk,Night,Sat,Mar,6,3,16-03-2024,17:58:07,17
TXN-00109,card,28.9,Cortado,Afternoon,Sun,Mar,7,3,17-03-2024,12:55:26,12
TXN-00110,card,28.9,Cortado,Morning,Mon,Mar,1,3,18-03-2024,11:18:00,11
TXN-00111,card,28.9,Americano,Afternoon,Mon,Mar,1,3,18-03-2024,15:31:40,15
TXN-00112,card,28.9,Americano,Afternoon,Mon,Mar,1,3,18-03-2024,15:32:38,15
TXN-00113,card,28.9,Americano,Afternoon,Mon,Mar,1,3,18-03-2024,15:33:37,15
TXN-00114,card,38.7,Latte,Afternoon,Tue,Mar,2,3,19-03-2024,14:02:22,14
TXN-00115,card,38.7,Latte,Afternoon,Tue,Mar,2,3,19-03-2024,14:03:20,14
TXN-00116,card,38.7,Hot Chocolate,Afternoon,Tue,Mar,2,3,19-03-2024,15:04:36,15
TXN-00117,card,33.8,Americano with Milk,Afternoon,Tue,Mar,2,3,19-03-2024,16:53:49,16
TXN-00118,card,28.9,Cortado,Morning,Wed,Mar,3,3,20-03-2024,11:41:16,11
TXN-00119,card,28.9,Cortado,Afternoon,Wed,Mar,3,3,20-03-2024,12:30:49,12
TXN-00120,card,38.7,Cappuccino,Afternoon,Wed,Mar,3,3,20-03-2024,13:16:47,13
TXN-00121,card,38.7,Cocoa,Afternoon,Wed,Mar,3,3,20-03-2024,16:42:38,16
TXN-00122,card,38.7,Latte,Night,Wed,Mar,3,3,20-03-2024,17:50:29,17
TXN-00123,card,28.9,Cortado,Afternoon,Thu,Mar,4,3,21-03-2024,12:25:09,12
TXN-00124,card,38.7,Cappuccino,Afternoon,Thu,Mar,4,3,21-03-2024,12:26:17,12
TXN-00125,card,28.9,Cortado,Night,Thu,Mar,4,3,21-03-2024,17:22:01,17
TXN-00126,card,38.7,Latte,Night,Thu,Mar,4,3,21-03-2024,19:20:37,19
TXN-00127,card,33.8,Americano with Milk,Morning,Fri,Mar,5,3,22-03-2024,10:35:54,10
TXN-00128,card,33.8,Americano with Milk,Afternoon,Fri,Mar,5,3,22-03-2024,13:29:20,13
TXN-00129,card,28.9,Americano,Night,Fri,Mar,5,3,22-03-2024,17:17:04,17
TXN-00130,card,24,Espresso,Night,Fri,Mar,5,3,22-03-2024,17:17:59,17
TXN-00131,card,28.9,Americano,Night,Fri,Mar,5,3,22-03-2024,17:20:49,17
TXN-00132,card,38.7,Latte,Morning,Sat,Mar,6,3,23-03-2024,10:44:00,10
TXN-00133,card,33.8,Americano with Milk,Morning,Sat,Mar,6,3,23-03-2024,10:45:07,10
TXN-00134,card,38.7,Cappuccino,Afternoon,Sat,Mar,6,3,23-03-2024,13:10:08,13
TXN-00135,card,38.7,Cocoa,Afternoon,Sat,Mar,6,3,23-03-2024,13:11:12,13
TXN-00136,card,33.8,Americano with Milk,Afternoon,Sat,Mar,6,3,23-03-2024,14:44:41,14
TXN-00137,card,38.7,Latte,Afternoon,Sat,Mar,6,3,23-03-2024,15:47:19,15
TXN-00138,card,33.8,Americano with Milk,Afternoon,Sat,Mar,6,3,23-03-2024,15:49:34,15
TXN-00139,card,28.9,Cortado,Afternoon,Sat,Mar,6,3,23-03-2024,16:00:58,16
TXN-00140,card,38.7,Latte,Night,Sun,Mar,7,3,24-03-2024,18:45:08,18
TXN-00141,card,38.7,Latte,Morning,Mon,Mar,1,3,25-03-2024,10:31:47,10
TXN-00142,card,38.7,Latte,Afternoon,Mon,Mar,1,3,25-03-2024,14:27:09,14
TXN-00143,card,38.7,Latte,Afternoon,Mon,Mar,1,3,25-03-2024,14:29:25,14
TXN-00144,card,33.8,Americano with Milk,Night,Mon,Mar,1,3,25-03-2024,18:37:31,18
TXN-00145,card,38.7,Cappuccino,Night,Mon,Mar,1,3,25-03-2024,19:34:25,19
TXN-00146,card,38.7,Cocoa,Morning,Tue,Mar,2,3,26-03-2024,10:35:50,10
TXN-00147,card,38.7,Latte,Morning,Tue,Mar,2,3,26-03-2024,10:36:36,10
TXN-00148,card,38.7,Latte,Morning,Tue,Mar,2,3,26-03-2024,10:42:30,10
TXN-00149,card,28.9,Cortado,Morning,Tue,Mar,2,3,26-03-2024,11:11:47,11
TXN-00150,card,28.9,Americano,Afternoon,Tue,Mar,2,3,26-03-2024,13:35:53,13
TXN-00151,card,28.9,Cortado,Afternoon,Tue,Mar,2,3,26-03-2024,13:36:50,13
TXN-00152,card,28.9,Cortado,Afternoon,Tue,Mar,2,3,26-03-2024,13:38:00,13
TXN-00153,card,28.9,Americano,Afternoon,Tue,Mar,2,3,26-03-2024,13:57:54,13
TXN-00154,card,38.7,Latte,Afternoon,Tue,Mar,2,3,26-03-2024,15:48:02,15
TXN-00155,card,38.7,Latte,Night,Tue,Mar,2,3,26-03-2024,18:33:39,18
TXN-00156,card,38.7,Hot Chocolate,Night,Tue,Mar,2,3,26-03-2024,18:34:55,18
TXN-00157,card,28.9,Cortado,Morning,Wed,Mar,3,3,27-03-2024,11:04:51,11
TXN-00158,card,33.8,Americano with Milk,Morning,Wed,Mar,3,3,27-03-2024,11:05:58,11
TXN-00159,card,33.8,Americano with Milk,Afternoon,Wed,Mar,3,3,27-03-2024,12:57:00,12
TXN-00160,card,38.7,Hot Chocolate,Afternoon,Wed,Mar,3,3,27-03-2024,13:35:20,13
TXN-00161,card,38.7,Cappuccino,Afternoon,Wed,Mar,3,3,27-03-2024,14:22:32,14
TXN-00162,card,28.9,Americano,Afternoon,Wed,Mar,3,3,27-03-2024,14:23:35,14
TXN-00163,card,28.9,Cortado,Night,Wed,Mar,3,3,27-03-2024,18:30:12,18
TXN-00164,card,28.9,Cortado,Afternoon,Thu,Mar,4,3,28-03-2024,14:24:47,14
TXN-00165,card,28.9,Cortado,Night,Thu,Mar,4,3,28-03-2024,17:24:46,17
TXN-00166,card,28.9,Americano,Night,Thu,Mar,4,3,28-03-2024,17:27:05,17
TXN-00167,card,38.7,Latte,Night,Thu,Mar,4,3,28-03-2024,17:32:45,17
TXN-00168,card,38.7,Latte,Morning,Fri,Mar,5,3,29-03-2024,10:56:19,10
TXN-00169,card,38.7,Cappuccino,Afternoon,Fri,Mar,5,3,29-03-2024,12:34:17,12
TXN-00170,card,38.7,Cappuccino,Afternoon,Fri,Mar,5,3,29-03-2024,12:41:32,12
TXN-00171,card,38.7,Latte,Morning,Sat,Mar,6,3,30-03-2024,11:59:20,11
TXN-00172,card,38.7,Latte,Afternoon,Sat,Mar,6,3,30-03-2024,16:12:32,16
TXN-00173,card,38.7,Latte,Afternoon,Sat,Mar,6,3,30-03-2024,16:36:41,16
TXN-00174,card,33.8,Americano with Milk,Afternoon,Sat,Mar,6,3,30-03-2024,16:37:58,16
TXN-00175,card,38.7,Cappuccino,Morning,Sun,Mar,7,3,31-03-2024,10:40:05,10
TXN-00176,card,28.9,Americano,Morning,Mon,Apr,1,4,01-04-2024,10:28:48,10
TXN-00177,card,33.8,Americano with Milk,Morning,Mon,Apr,1,4,01-04-2024,10:29:42,10
TXN-00178,card,33.8,Americano with Milk,Morning,Mon,Apr,1,4,01-04-2024,10:30:44,10
TXN-00179,card,33.8,Americano with Milk,Morning,Mon,Apr,1,4,01-04-2024,11:15:44,11
TXN-00180,card,33.8,Americano with Milk,Night,Mon,Apr,1,4,01-04-2024,18:18:42,18
TXN-00181,card,38.7,Hot Chocolate,Night,Mon,Apr,1,4,01-04-2024,18:45:27,18
TXN-00182,card,38.7,Latte,Morning,Tue,Apr,2,4,02-04-2024,10:01:14,10
TXN-00183,card,28.9,Americano,Afternoon,Tue,Apr,2,4,02-04-2024,16:18:34,16
TXN-00184,card,28.9,Cortado,Afternoon,Tue,Apr,2,4,02-04-2024,16:19:28,16
TXN-00185,card,28.9,Cortado,Morning,Wed,Apr,3,4,03-04-2024,10:19:14,10
TXN-00186,card,28.9,Americano,Morning,Wed,Apr,3,4,03-04-2024,10:20:08,10
TXN-00187,card,38.7,Cappuccino,Afternoon,Wed,Apr,3,4,03-04-2024,13:12:05,13
TXN-00188,card,38.7,Latte,Morning,Thu,Apr,4,4,04-04-2024,10:44:56,10
TXN-00189,card,38.7,Latte,Morning,Thu,Apr,4,4,04-04-2024,11:26:38,11
TXN-00190,card,38.7,Cappuccino,Morning,Thu,Apr,4,4,04-04-2024,11:27:48,11
TXN-00191,card,28.9,Cortado,Afternoon,Thu,Apr,4,4,04-04-2024,12:23:02,12
TXN-00192,card,28.9,Americano,Morning,Fri,Apr,5,4,05-04-2024,10:40:43,10
TXN-00193,card,28.9,Americano,Morning,Fri,Apr,5,4,05-04-2024,10:42:06,10
TXN-00194,card,28.9,Cortado,Morning,Fri,Apr,5,4,05-04-2024,11:06:15,11
TXN-00195,card,33.8,Americano with Milk,Afternoon,Fri,Apr,5,4,05-04-2024,12:14:28,12
TXN-00196,card,38.7,Latte,Afternoon,Fri,Apr,5,4,05-04-2024,14:23:40,14
TXN-00197,card,28.9,Cortado,Afternoon,Fri,Apr,5,4,05-04-2024,14:24:50,14
TXN-00198,card,24,Espresso,Afternoon,Fri,Apr,5,4,05-04-2024,16:18:24,16
TXN-00199,card,33.8,Americano with Milk,Afternoon,Sat,Apr,6,4,06-04-2024,12:32:31,12
TXN-00200,card,38.7,Cappuccino,Afternoon,Sat,Apr,6,4,06-04-2024,14:13:19,14
TXN-00201,card,28.9,Americano,Afternoon,Sat,Apr,6,4,06-04-2024,14:14:27,14
TXN-00202,card,38.7,Latte,Afternoon,Sat,Apr,6,4,06-04-2024,14:49:50,14
TXN-00203,card,38.7,Latte,Morning,Sun,Apr,7,4,07-04-2024,10:12:53,10
TXN-00204,card,38.7,Cappuccino,Afternoon,Sun,Apr,7,4,07-04-2024,12:44:32,12
TXN-00205,card,38.7,Cappuccino,Afternoon,Sun,Apr,7,4,07-04-2024,12:46:05,12
TXN-00206,card,28.9,Cortado,Afternoon,Sun,Apr,7,4,07-04-2024,14:16:25,14
TXN-00207,card,24,Espresso,Afternoon,Sun,Apr,7,4,07-04-2024,14:17:31,14
TXN-00208,card,38.7,Hot Chocolate,Night,Sun,Apr,7,4,07-04-2024,18:01:17,18
TXN-00209,card,33.8,Americano with Milk,Night,Sun,Apr,7,4,07-04-2024,18:02:04,18
TXN-00210,card,33.8,Americano with Milk,Morning,Mon,Apr,1,4,08-04-2024,10:58:21,10
TXN-00211,card,38.7,Cappuccino,Morning,Mon,Apr,1,4,08-04-2024,10:59:28,10
TXN-00212,card,28.9,Americano,Morning,Mon,Apr,1,4,08-04-2024,11:01:20,11
TXN-00213,card,38.7,Cappuccino,Morning,Mon,Apr,1,4,08-04-2024,11:04:47,11
TXN-00214,card,38.7,Latte,Afternoon,Mon,Apr,1,4,08-04-2024,16:41:38,16
TXN-00215,card,28.9,Americano,Night,Mon,Apr,1,4,08-04-2024,18:18:10,18
TXN-00216,card,33.8,Americano with Milk,Night,Mon,Apr,1,4,08-04-2024,19:22:27,19
TXN-00217,card,38.7,Cappuccino,Night,Mon,Apr,1,4,08-04-2024,19:23:59,19
TXN-00218,card,38.7,Latte,Morning,Tue,Apr,2,4,09-04-2024,11:42:28,11
TXN-00219,card,38.7,Hot Chocolate,Afternoon,Tue,Apr,2,4,09-04-2024,15:11:49,15
TXN-00220,card,38.7,Hot Chocolate,Night,Tue,Apr,2,4,09-04-2024,17:25:24,17
TXN-00221,card,24,Espresso,Night,Wed,Apr,3,4,10-04-2024,17:55:31,17
TXN-00222,card,38.7,Cappuccino,Night,Wed,Apr,3,4,10-04-2024,18:24:59,18
TXN-00223,card,38.7,Latte,Night,Wed,Apr,3,4,10-04-2024,20:04:05,20
TXN-00224,card,28.9,Americano,Morning,Thu,Apr,4,4,11-04-2024,10:41:23,10
TXN-00225,card,28.9,Americano,Morning,Thu,Apr,4,4,11-04-2024,10:42:59,10
TXN-00226,card,38.7,Latte,Afternoon,Thu,Apr,4,4,11-04-2024,16:35:23,16
TXN-00227,card,38.7,Cappuccino,Night,Thu,Apr,4,4,11-04-2024,19:16:57,19
TXN-00228,card,33.8,Americano with Milk,Night,Thu,Apr,4,4,11-04-2024,19:18:37,19
TXN-00229,card,38.7,Hot Chocolate,Night,Fri,Apr,5,4,12-04-2024,19:03:43,19
TXN-00230,card,28.9,Cortado,Night,Fri,Apr,5,4,12-04-2024,19:38:23,19
TXN-00231,card,38.7,Latte,Afternoon,Sat,Apr,6,4,13-04-2024,12:29:20,12
TXN-00232,card,28.9,Americano,Afternoon,Sat,Apr,6,4,13-04-2024,12:43:02,12
TXN-00233,card,38.7,Cappuccino,Afternoon,Sat,Apr,6,4,13-04-2024,16:18:04,16
TXN-00234,card,38.7,Latte,Afternoon,Sat,Apr,6,4,13-04-2024,16:19:40,16
TXN-00235,card,38.7,Cappuccino,Night,Sat,Apr,6,4,13-04-2024,17:51:26,17
TXN-00236,card,38.7,Cappuccino,Night,Sat,Apr,6,4,13-04-2024,17:53:19,17
TXN-00237,card,38.7,Cappuccino,Afternoon,Sun,Apr,7,4,14-04-2024,12:24:39,12
TXN-00238,card,28.9,Cortado,Afternoon,Sun,Apr,7,4,14-04-2024,13:21:50,13
TXN-00239,card,28.9,Americano,Afternoon,Sun,Apr,7,4,14-04-2024,14:23:32,14
TXN-00240,card,28.9,Americano,Afternoon,Sun,Apr,7,4,14-04-2024,14:24:27,14
TXN-00241,card,28.9,Americano,Afternoon,Sun,Apr,7,4,14-04-2024,14:25:18,14
TXN-00242,card,38.7,Cappuccino,Afternoon,Sun,Apr,7,4,14-04-2024,15:46:28,15
TXN-00243,card,28.9,Cortado,Afternoon,Sun,Apr,7,4,14-04-2024,16:59:55,16
TXN-00244,card,38.7,Latte,Night,Sun,Apr,7,4,14-04-2024,17:00:45,17
TXN-00245,card,38.7,Cappuccino,Night,Sun,Apr,7,4,14-04-2024,18:38:20,18
TXN-00246,card,28.9,Americano,Morning,Mon,Apr,1,4,15-04-2024,11:45:25,11
TXN-00247,card,28.9,Americano,Night,Mon,Apr,1,4,15-04-2024,17:01:46,17
TXN-00248,card,33.8,Americano with Milk,Night,Mon,Apr,1,4,15-04-2024,17:02:50,17
TXN-00249,card,33.8,Americano with Milk,Night,Mon,Apr,1,4,15-04-2024,19:33:03,19
TXN-00250,card,33.8,Americano with Milk,Morning,Tue,Apr,2,4,16-04-2024,10:46:26,10
TXN-00251,card,38.7,Cocoa,Afternoon,Tue,Apr,2,4,16-04-2024,12:40:48,12
TXN-00252,card,28.9,Cortado,Afternoon,Tue,Apr,2,4,16-04-2024,12:52:08,12
TXN-00253,card,28.9,Americano,Afternoon,Tue,Apr,2,4,16-04-2024,15:03:17,15
TXN-00254,card,33.8,Americano with Milk,Night,Tue,Apr,2,4,16-04-2024,17:42:04,17
TXN-00255,card,38.7,Cappuccino,Night,Tue,Apr,2,4,16-04-2024,17:43:23,17
TXN-00256,card,38.7,Cocoa,Night,Tue,Apr,2,4,16-04-2024,18:09:05,18
TXN-00257,card,28.9,Americano,Afternoon,Wed,Apr,3,4,17-04-2024,13:33:00,13
TXN-00258,card,24,Espresso,Afternoon,Wed,Apr,3,4,17-04-2024,13:44:00,13
TXN-00259,card,38.7,Cappuccino,Night,Wed,Apr,3,4,17-04-2024,17:01:35,17
TXN-00260,card,38.7,Cappuccino,Night,Wed,Apr,3,4,17-04-2024,17:02:41,17
TXN-00261,card,28.9,Cortado,Night,Wed,Apr,3,4,17-04-2024,18:14:03,18
TXN-00262,card,28.9,Americano,Morning,Thu,Apr,4,4,18-04-2024,11:19:02,11
TXN-00263,card,28.9,Americano,Morning,Thu,Apr,4,4,18-04-2024,11:20:06,11
TXN-00264,card,33.8,Americano with Milk,Afternoon,Thu,Apr,4,4,18-04-2024,13:49:13,13
TXN-00265,card,28.9,Cortado,Afternoon,Thu,Apr,4,4,18-04-2024,13:50:17,13
TXN-00266,card,38.7,Cappuccino,Afternoon,Thu,Apr,4,4,18-04-2024,14:34:20,14
TXN-00267,card,38.7,Latte,Afternoon,Thu,Apr,4,4,18-04-2024,14:35:49,14
TXN-00268,card,38.7,Latte,Night,Thu,Apr,4,4,18-04-2024,17:44:16,17
TXN-00269,card,38.7,Cappuccino,Night,Thu,Apr,4,4,18-04-2024,18:21:06,18
TXN-00270,card,38.7,Hot Chocolate,Night,Thu,Apr,4,4,18-04-2024,19:39:51,19
TXN-00271,card,38.7,Hot Chocolate,Night,Thu,Apr,4,4,18-04-2024,19:40:49,19
TXN-00272,card,38.7,Latte,Morning,Fri,Apr,5,4,19-04-2024,10:10:36,10
TXN-00273,card,33.8,Americano with Milk,Afternoon,Fri,Apr,5,4,19-04-2024,13:11:48,13
TXN-00274,card,38.7,Cappuccino,Afternoon,Fri,Apr,5,4,19-04-2024,13:13:21,13
TXN-00275,card,38.7,Hot Chocolate,Afternoon,Fri,Apr,5,4,19-04-2024,13:58:54,13
TXN-00276,card,38.7,Cappuccino,Afternoon,Fri,Apr,5,4,19-04-2024,13:59:50,13
TXN-00277,card,38.7,Cocoa,Night,Fri,Apr,5,4,19-04-2024,18:23:19,18
TXN-00278,card,33.8,Americano with Milk,Night,Fri,Apr,5,4,19-04-2024,18:25:33,18
TXN-00279,card,33.8,Americano with Milk,Afternoon,Sat,Apr,6,4,20-04-2024,12:08:36,12
TXN-00280,card,33.8,Americano with Milk,Afternoon,Sat,Apr,6,4,20-04-2024,12:09:43,12
TXN-00281,card,28.9,Americano,Afternoon,Sat,Apr,6,4,20-04-2024,13:08:37,13
TXN-00282,card,33.8,Americano with Milk,Afternoon,Sat,Apr,6,4,20-04-2024,13:09:48,13
TXN-00283,card,38.7,Hot Chocolate,Afternoon,Sat,Apr,6,4,20-04-2024,13:10:55,13
TXN-00284,card,38.7,Cappuccino,Afternoon,Sat,Apr,6,4,20-04-2024,14:44:18,14
TXN-00285,card,33.8,Americano with Milk,Afternoon,Sat,Apr,6,4,20-04-2024,15:11:00,15
TXN-00286,card,32.82,Americano with Milk,Afternoon,Sat,Apr,6,4,20-04-2024,15:22:41,15
TXN-00287,card,32.82,Americano with Milk,Afternoon,Sat,Apr,6,4,20-04-2024,15:49:25,15
TXN-00288,card,37.72,Cappuccino,Night,Sat,Apr,6,4,20-04-2024,18:27:41,18
TXN-00289,card,37.72,Cappuccino,Night,Sat,Apr,6,4,20-04-2024,18:28:47,18
TXN-00290,card,37.72,Latte,Night,Sat,Apr,6,4,20-04-2024,19:30:55,19
TXN-00291,card,37.72,Latte,Morning,Sun,Apr,7,4,21-04-2024,11:16:46,11
TXN-00292,card,27.92,Americano,Afternoon,Sun,Apr,7,4,21-04-2024,14:15:38,14
TXN-00293,card,27.92,Americano,Morning,Mon,Apr,1,4,22-04-2024,11:09:16,11
TXN-00294,card,32.82,Americano with Milk,Morning,Mon,Apr,1,4,22-04-2024,11:29:27,11
TXN-00295,card,37.72,Latte,Night,Mon,Apr,1,4,22-04-2024,19:39:05,19
TXN-00296,card,37.72,Cappuccino,Afternoon,Tue,Apr,2,4,23-04-2024,14:22:36,14
TXN-00297,card,32.82,Americano with Milk,Afternoon,Tue,Apr,2,4,23-04-2024,14:23:53,14
TXN-00298,card,37.72,Cappuccino,Afternoon,Tue,Apr,2,4,23-04-2024,14:24:58,14
TXN-00299,card,32.82,Americano with Milk,Night,Tue,Apr,2,4,23-04-2024,19:42:28,19
TXN-00300,card,32.82,Americano with Milk,Night,Tue,Apr,2,4,23-04-2024,19:43:26,19
TXN-00301,card,37.72,Latte,Morning,Wed,Apr,3,4,24-04-2024,10:19:38,10
TXN-00302,card,32.82,Americano with Milk,Morning,Wed,Apr,3,4,24-04-2024,10:21:27,10
TXN-00303,card,32.82,Americano with Milk,Morning,Wed,Apr,3,4,24-04-2024,11:23:46,11
TXN-00304,card,32.82,Americano with Milk,Morning,Wed,Apr,3,4,24-04-2024,11:33:26,11
TXN-00305,card,32.82,Americano with Milk,Afternoon,Wed,Apr,3,4,24-04-2024,12:39:09,12
TXN-00306,card,32.82,Americano with Milk,Afternoon,Wed,Apr,3,4,24-04-2024,16:39:07,16
TXN-00307,card,32.82,Americano with Milk,Night,Wed,Apr,3,4,24-04-2024,19:39:50,19
TXN-00308,card,37.72,Cappuccino,Night,Wed,Apr,3,4,24-04-2024,19:40:54,19
TXN-00309,card,27.92,Americano,Morning,Thu,Apr,4,4,25-04-2024,10:46:08,10
TXN-00310,card,37.72,Latte,Afternoon,Thu,Apr,4,4,25-04-2024,15:18:27,15
TXN-00311,card,27.92,Americano,Night,Thu,Apr,4,4,25-04-2024,17:09:44,17
TXN-00312,card,27.92,Americano,Night,Thu,Apr,4,4,25-04-2024,17:10:49,17
TXN-00313,card,37.72,Latte,Morning,Fri,Apr,5,4,26-04-2024,10:12:51,10
TXN-00314,card,37.72,Latte,Afternoon,Fri,Apr,5,4,26-04-2024,12:01:31,12
TXN-00315,card,37.72,Cappuccino,Afternoon,Fri,Apr,5,4,26-04-2024,13:31:28,13
TXN-00316,card,27.92,Americano,Afternoon,Fri,Apr,5,4,26-04-2024,15:32:35,15
TXN-00317,card,27.92,Americano,Afternoon,Fri,Apr,5,4,26-04-2024,15:33:33,15
TXN-00318,card,27.92,Cortado,Afternoon,Fri,Apr,5,4,26-04-2024,16:23:27,16
TXN-00319,card,27.92,Americano,Afternoon,Fri,Apr,5,4,26-04-2024,16:24:34,16
TXN-00320,card,37.72,Hot Chocolate,Night,Fri,Apr,5,4,26-04-2024,19:32:07,19
TXN-00321,card,37.72,Cocoa,Night,Fri,Apr,5,4,26-04-2024,19:33:30,19
TXN-00322,card,37.72,Cappuccino,Afternoon,Sat,Apr,6,4,27-04-2024,15:27:01,15
TXN-00323,card,37.72,Latte,Morning,Sun,Apr,7,4,28-04-2024,10:32:52,10
TXN-00324,card,37.72,Cappuccino,Afternoon,Sun,Apr,7,4,28-04-2024,12:30:10,12
TXN-00325,card,27.92,Americano,Night,Sun,Apr,7,4,28-04-2024,18:27:08,18
TXN-00326,card,27.92,Americano,Night,Sun,Apr,7,4,28-04-2024,18:28:11,18
TXN-00327,card,37.72,Latte,Night,Sun,Apr,7,4,28-04-2024,18:29:02,18
TXN-00328,card,27.92,Cortado,Morning,Mon,Apr,1,4,29-04-2024,11:26:32,11
TXN-00329,card,27.92,Americano,Afternoon,Mon,Apr,1,4,29-04-2024,13:27:57,13
TXN-00330,card,27.92,Cortado,Afternoon,Mon,Apr,1,4,29-04-2024,13:28:54,13
TXN-00331,card,27.92,Cortado,Afternoon,Mon,Apr,1,4,29-04-2024,13:53:36,13
TXN-00332,card,32.82,Americano with Milk,Afternoon,Mon,Apr,1,4,29-04-2024,13:54:24,13
TXN-00333,card,37.72,Cappuccino,Night,Mon,Apr,1,4,29-04-2024,18:37:48,18
TXN-00334,card,37.72,Cappuccino,Night,Mon,Apr,1,4,29-04-2024,19:12:33,19
TXN-00335,card,37.72,Cappuccino,Night,Mon,Apr,1,4,29-04-2024,19:13:38,19
TXN-00336,card,37.72,Latte,Morning,Tue,Apr,2,4,30-04-2024,10:16:41,10
TXN-00337,card,32.82,Americano with Milk,Morning,Tue,Apr,2,4,30-04-2024,10:34:52,10
TXN-00338,card,32.82,Americano with Milk,Morning,Tue,Apr,2,4,30-04-2024,10:35:48,10
TXN-00339,card,27.92,Americano,Afternoon,Tue,Apr,2,4,30-04-2024,13:41:52,13
TXN-00340,card,32.82,Americano with Milk,Afternoon,Tue,Apr,2,4,30-04-2024,13:43:00,13
TXN-00341,card,37.72,Cappuccino,Night,Tue,Apr,2,4,30-04-2024,19:19:18,19
TXN-00342,card,32.82,Americano with Milk,Night,Tue,Apr,2,4,30-04-2024,19:30:04,19
TXN-00343,card,37.72,Latte,Night,Tue,Apr,2,4,30-04-2024,19:31:21,19
TXN-00344,card,27.92,Americano,Morning,Thu,May,4,5,02-05-2024,10:33:56,10
TXN-00345,card,32.82,Americano with Milk,Afternoon,Thu,May,4,5,02-05-2024,13:49:40,13
TXN-00346,card,37.72,Cappuccino,Night,Thu,May,4,5,02-05-2024,18:36:22,18
TXN-00347,card,32.82,Americano with Milk,Night,Thu,May,4,5,02-05-2024,18:41:11,18
TXN-00348,card,37.72,Latte,Night,Thu,May,4,5,02-05-2024,19:18:33,19
TXN-00349,card,37.72,Cappuccino,Night,Thu,May,4,5,02-05-2024,19:19:56,19
TXN-00350,card,37.72,Latte,Afternoon,Fri,May,5,5,03-05-2024,14:30:01,14
TXN-00351,card,37.72,Latte,Night,Fri,May,5,5,03-05-2024,17:03:25,17
TXN-00352,card,27.92,Americano,Morning,Mon,May,1,5,06-05-2024,10:05:18,10
TXN-00353,card,37.72,Cappuccino,Morning,Mon,May,1,5,06-05-2024,10:06:52,10
TXN-00354,card,32.82,Americano with Milk,Morning,Mon,May,1,5,06-05-2024,10:08:06,10
TXN-00355,card,27.92,Americano,Morning,Mon,May,1,5,06-05-2024,10:09:08,10
TXN-00356,card,27.92,Cortado,Morning,Mon,May,1,5,06-05-2024,10:39:13,10
TXN-00357,card,27.92,Cortado,Afternoon,Mon,May,1,5,06-05-2024,13:18:11,13
TXN-00358,card,27.92,Americano,Afternoon,Mon,May,1,5,06-05-2024,13:19:01,13
TXN-00359,card,37.72,Cappuccino,Night,Mon,May,1,5,06-05-2024,19:18:13,19
TXN-00360,card,37.72,Cappuccino,Night,Mon,May,1,5,06-05-2024,19:19:50,19
TXN-00361,card,37.72,Cocoa,Morning,Tue,May,2,5,07-05-2024,10:44:56,10
TXN-00362,card,27.92,Cortado,Morning,Tue,May,2,5,07-05-2024,11:21:58,11
TXN-00363,card,27.92,Cortado,Afternoon,Tue,May,2,5,07-05-2024,13:23:35,13
TXN-00364,card,37.72,Cocoa,Afternoon,Tue,May,2,5,07-05-2024,16:42:08,16
TXN-00365,card,27.92,Americano,Afternoon,Tue,May,2,5,07-05-2024,16:55:39,16
TXN-00366,card,37.72,Cappuccino,Night,Tue,May,2,5,07-05-2024,17:37:46,17
TXN-00367,card,37.72,Latte,Night,Tue,May,2,5,07-05-2024,17:38:48,17
TXN-00368,card,37.72,Cappuccino,Night,Tue,May,2,5,07-05-2024,19:12:13,19
TXN-00369,card,37.72,Cappuccino,Night,Tue,May,2,5,07-05-2024,19:13:12,19
TXN-00370,card,37.72,Latte,Morning,Wed,May,3,5,08-05-2024,10:07:29,10
TXN-00371,card,37.72,Cappuccino,Afternoon,Thu,May,4,5,09-05-2024,12:54:22,12
TXN-00372,card,27.92,Americano,Afternoon,Thu,May,4,5,09-05-2024,13:03:59,13
TXN-00373,card,37.72,Latte,Afternoon,Thu,May,4,5,09-05-2024,13:04:58,13
TXN-00374,card,37.72,Latte,Afternoon,Thu,May,4,5,09-05-2024,13:06:11,13
TXN-00375,card,37.72,Latte,Afternoon,Thu,May,4,5,09-05-2024,13:07:16,13
TXN-00376,card,27.92,Americano,Afternoon,Thu,May,4,5,09-05-2024,16:55:15,16
TXN-00377,card,27.92,Americano,Afternoon,Thu,May,4,5,09-05-2024,16:56:15,16
TXN-00378,card,27.92,Americano,Night,Thu,May,4,5,09-05-2024,18:01:30,18
TXN-00379,card,32.82,Americano with Milk,Night,Thu,May,4,5,09-05-2024,18:13:56,18
TXN-00380,card,37.72,Latte,Afternoon,Fri,May,5,5,10-05-2024,15:46:22,15
TXN-00381,card,37.72,Latte,Afternoon,Fri,May,5,5,10-05-2024,15:47:33,15
TXN-00382,card,37.72,Latte,Morning,Sat,May,6,5,11-05-2024,11:39:53,11
TXN-00383,card,32.82,Americano with Milk,Night,Sat,May,6,5,11-05-2024,17:20:30,17
TXN-00384,card,37.72,Cocoa,Night,Sat,May,6,5,11-05-2024,17:21:56,17
TXN-00385,card,37.72,Cappuccino,Night,Sat,May,6,5,11-05-2024,17:23:57,17
TXN-00386,card,32.82,Americano with Milk,Night,Sat,May,6,5,11-05-2024,17:28:54,17
TXN-00387,card,37.72,Cappuccino,Night,Sat,May,6,5,11-05-2024,18:35:40,18
TXN-00388,card,37.72,Latte,Night,Sat,May,6,5,11-05-2024,19:38:16,19
TXN-00389,card,37.72,Latte,Morning,Sun,May,7,5,12-05-2024,10:20:43,10
TXN-00390,card,37.72,Latte,Afternoon,Sun,May,7,5,12-05-2024,13:24:03,13
TXN-00391,card,27.92,Americano,Afternoon,Sun,May,7,5,12-05-2024,13:27:39,13
TXN-00392,card,37.72,Latte,Afternoon,Sun,May,7,5,12-05-2024,15:16:20,15
TXN-00393,card,32.82,Americano with Milk,Afternoon,Sun,May,7,5,12-05-2024,15:38:02,15
TXN-00394,card,32.82,Americano with Milk,Afternoon,Sun,May,7,5,12-05-2024,15:52:15,15
TXN-00395,card,32.82,Americano with Milk,Afternoon,Sun,May,7,5,12-05-2024,16:04:21,16
TXN-00396,card,32.82,Americano with Milk,Night,Sun,May,7,5,12-05-2024,19:41:31,19
TXN-00397,card,32.82,Americano with Milk,Morning,Mon,May,1,5,13-05-2024,11:03:53,11
TXN-00398,card,27.92,Americano,Morning,Tue,May,2,5,14-05-2024,08:38:15,8
TXN-00399,card,27.92,Americano,Morning,Tue,May,2,5,14-05-2024,08:39:25,8
TXN-00400,card,27.92,Americano,Morning,Tue,May,2,5,14-05-2024,08:40:17,8
TXN-00401,card,37.72,Cappuccino,Morning,Tue,May,2,5,14-05-2024,10:19:23,10
TXN-00402,card,37.72,Latte,Morning,Tue,May,2,5,14-05-2024,11:32:29,11
TXN-00403,card,37.72,Cappuccino,Morning,Tue,May,2,5,14-05-2024,11:34:13,11
TXN-00404,card,37.72,Cappuccino,Afternoon,Tue,May,2,5,14-05-2024,14:04:55,14
TXN-00405,card,32.82,Americano with Milk,Afternoon,Tue,May,2,5,14-05-2024,14:06:00,14
TXN-00406,card,27.92,Americano,Afternoon,Tue,May,2,5,14-05-2024,15:01:55,15
TXN-00407,card,32.82,Americano with Milk,Afternoon,Tue,May,2,5,14-05-2024,16:57:57,16
TXN-00408,card,37.72,Cappuccino,Afternoon,Tue,May,2,5,14-05-2024,16:59:10,16
TXN-00409,card,37.72,Hot Chocolate,Night,Tue,May,2,5,14-05-2024,22:51:25,22
TXN-00410,card,37.72,Latte,Morning,Wed,May,3,5,15-05-2024,08:40:06,8
TXN-00411,card,23.02,Espresso,Morning,Wed,May,3,5,15-05-2024,11:14:19,11
TXN-00412,card,27.92,Americano,Morning,Wed,May,3,5,15-05-2024,11:19:10,11
TXN-00413,card,27.92,Americano,Afternoon,Wed,May,3,5,15-05-2024,13:34:35,13
TXN-00414,card,27.92,Americano,Afternoon,Wed,May,3,5,15-05-2024,13:35:29,13
TXN-00415,card,27.92,Americano,Afternoon,Wed,May,3,5,15-05-2024,13:36:27,13
TXN-00416,card,32.82,Americano with Milk,Afternoon,Wed,May,3,5,15-05-2024,13:55:29,13
TXN-00417,card,27.92,Cortado,Afternoon,Wed,May,3,5,15-05-2024,14:38:52,14
TXN-00418,card,27.92,Cortado,Afternoon,Wed,May,3,5,15-05-2024,14:39:44,14
TXN-00419,card,23.02,Espresso,Night,Wed,May,3,5,15-05-2024,17:28:59,17
TXN-00420,card,37.72,Cappuccino,Night,Wed,May,3,5,15-05-2024,20:20:35,20
TXN-00421,card,32.82,Americano with Milk,Morning,Thu,May,4,5,16-05-2024,10:38:42,10
TXN-00422,card,32.82,Americano with Milk,Morning,Thu,May,4,5,16-05-2024,10:39:49,10
TXN-00423,card,32.82,Americano with Milk,Afternoon,Thu,May,4,5,16-05-2024,12:14:00,12
TXN-00424,card,37.72,Hot Chocolate,Afternoon,Thu,May,4,5,16-05-2024,15:15:16,15
TXN-00425,card,37.72,Latte,Night,Thu,May,4,5,16-05-2024,17:44:32,17
TXN-00426,card,37.72,Hot Chocolate,Night,Thu,May,4,5,16-05-2024,18:12:57,18
TXN-00427,card,37.72,Latte,Night,Thu,May,4,5,16-05-2024,18:13:58,18
TXN-00428,card,27.92,Americano,Morning,Fri,May,5,5,17-05-2024,09:00:48,9
TXN-00429,card,32.82,Americano with Milk,Morning,Fri,May,5,5,17-05-2024,11:30:28,11
TXN-00430,card,32.82,Americano with Milk,Night,Fri,May,5,5,17-05-2024,19:55:19,19
TXN-00431,card,37.72,Cappuccino,Night,Fri,May,5,5,17-05-2024,19:56:47,19
TXN-00432,card,37.72,Cappuccino,Night,Fri,May,5,5,17-05-2024,20:37:53,20
TXN-00433,card,27.92,Americano,Night,Fri,May,5,5,17-05-2024,22:34:51,22
TXN-00434,card,37.72,Latte,Night,Fri,May,5,5,17-05-2024,22:36:33,22
TXN-00435,card,37.72,Latte,Night,Fri,May,5,5,17-05-2024,22:37:43,22
TXN-00436,card,37.72,Cappuccino,Morning,Sat,May,6,5,18-05-2024,08:01:38,8
TXN-00437,card,37.72,Cappuccino,Morning,Sat,May,6,5,18-05-2024,08:02:40,8
TXN-00438,card,32.82,Americano with Milk,Morning,Sat,May,6,5,18-05-2024,11:15:56,11
TXN-00439,card,32.82,Americano with Milk,Afternoon,Sat,May,6,5,18-05-2024,16:48:29,16
TXN-00440,card,32.82,Americano with Milk,Afternoon,Sat,May,6,5,18-05-2024,16:49:27,16
TXN-00441,card,32.82,Americano with Milk,Night,Sat,May,6,5,18-05-2024,19:58:44,19
TXN-00442,card,37.72,Latte,Night,Sat,May,6,5,18-05-2024,20:22:53,20
TXN-00443,card,27.92,Americano,Morning,Sun,May,7,5,19-05-2024,07:58:38,7
TXN-00444,card,27.92,Americano,Morning,Sun,May,7,5,19-05-2024,07:59:34,7
TXN-00445,card,37.72,Cappuccino,Morning,Sun,May,7,5,19-05-2024,08:00:35,8
TXN-00446,card,32.82,Americano with Milk,Afternoon,Sun,May,7,5,19-05-2024,12:14:27,12
TXN-00447,card,27.92,Americano,Afternoon,Sun,May,7,5,19-05-2024,14:43:40,14
TXN-00448,card,32.82,Americano with Milk,Afternoon,Sun,May,7,5,19-05-2024,15:58:58,15
TXN-00449,card,32.82,Americano with Milk,Night,Sun,May,7,5,19-05-2024,18:12:36,18
TXN-00450,card,23.02,Espresso,Night,Sun,May,7,5,19-05-2024,18:13:48,18
TXN-00451,card,37.72,Hot Chocolate,Night,Sun,May,7,5,19-05-2024,18:16:30,18
TXN-00452,card,37.72,Cappuccino,Night,Sun,May,7,5,19-05-2024,19:51:07,19
TXN-00453,card,37.72,Cappuccino,Night,Sun,May,7,5,19-05-2024,21:15:42,21
TXN-00454,card,37.72,Cappuccino,Night,Sun,May,7,5,19-05-2024,21:18:36,21
TXN-00455,card,32.82,Americano with Milk,Morning,Mon,May,1,5,20-05-2024,10:05:59,10
TXN-00456,card,37.72,Latte,Morning,Mon,May,1,5,20-05-2024,10:17:52,10
TXN-00457,card,37.72,Latte,Morning,Mon,May,1,5,20-05-2024,10:58:48,10
TXN-00458,card,27.92,Americano,Morning,Mon,May,1,5,20-05-2024,11:15:16,11
TXN-00459,card,27.92,Americano,Morning,Mon,May,1,5,20-05-2024,11:16:20,11
TXN-00460,card,27.92,Americano,Afternoon,Mon,May,1,5,20-05-2024,13:27:13,13
TXN-00461,card,27.92,Americano,Afternoon,Mon,May,1,5,20-05-2024,13:28:10,13
TXN-00462,card,32.82,Americano with Milk,Afternoon,Mon,May,1,5,20-05-2024,14:13:19,14
TXN-00463,card,37.72,Cappuccino,Afternoon,Mon,May,1,5,20-05-2024,14:14:31,14
TXN-00464,card,37.72,Latte,Night,Mon,May,1,5,20-05-2024,17:12:51,17
TXN-00465,card,37.72,Latte,Night,Mon,May,1,5,20-05-2024,17:13:57,17
TXN-00466,card,32.82,Americano with Milk,Night,Mon,May,1,5,20-05-2024,20:36:48,20
TXN-00467,card,37.72,Cocoa,Night,Mon,May,1,5,20-05-2024,20:37:57,20
TXN-00468,card,27.92,Cortado,Night,Mon,May,1,5,20-05-2024,20:46:52,20
TXN-00469,card,32.82,Americano with Milk,Night,Mon,May,1,5,20-05-2024,21:36:54,21
TXN-00470,card,32.82,Americano with Milk,Night,Mon,May,1,5,20-05-2024,21:37:58,21
TXN-00471,card,37.72,Latte,Morning,Tue,May,2,5,21-05-2024,08:27:38,8
TXN-00472,card,37.72,Latte,Afternoon,Tue,May,2,5,21-05-2024,16:10:20,16
TXN-00473,card,23.02,Espresso,Night,Tue,May,2,5,21-05-2024,18:13:24,18
TXN-00474,card,37.72,Cappuccino,Night,Tue,May,2,5,21-05-2024,19:11:09,19
TXN-00475,card,37.72,Cappuccino,Night,Tue,May,2,5,21-05-2024,20:13:48,20
TXN-00476,card,37.72,Cappuccino,Morning,Wed,May,3,5,22-05-2024,09:34:42,9
TXN-00477,card,32.82,Americano with Milk,Morning,Wed,May,3,5,22-05-2024,10:49:47,10
TXN-00478,card,27.92,Cortado,Morning,Wed,May,3,5,22-05-2024,11:18:14,11
TXN-00479,card,32.82,Americano with Milk,Morning,Wed,May,3,5,22-05-2024,11:34:55,11
TXN-00480,card,27.92,Americano,Afternoon,Wed,May,3,5,22-05-2024,12:29:51,12
TXN-00481,card,27.92,Americano,Afternoon,Wed,May,3,5,22-05-2024,12:30:43,12
TXN-00482,card,32.82,Americano with Milk,Afternoon,Wed,May,3,5,22-05-2024,14:00:20,14
TXN-00483,card,37.72,Cappuccino,Night,Wed,May,3,5,22-05-2024,19:24:58,19
TXN-00484,card,37.72,Cappuccino,Night,Wed,May,3,5,22-05-2024,19:25:59,19
TXN-00485,card,37.72,Hot Chocolate,Night,Wed,May,3,5,22-05-2024,21:23:53,21
TXN-00486,card,37.72,Cappuccino,Night,Wed,May,3,5,22-05-2024,21:24:50,21
TXN-00487,card,37.72,Cappuccino,Morning,Thu,May,4,5,23-05-2024,10:10:20,10
TXN-00488,card,23.02,Espresso,Afternoon,Thu,May,4,5,23-05-2024,12:22:07,12
TXN-00489,card,37.72,Cappuccino,Afternoon,Thu,May,4,5,23-05-2024,15:55:17,15
TXN-00490,card,37.72,Cappuccino,Afternoon,Thu,May,4,5,23-05-2024,15:56:27,15
TXN-00491,card,37.72,Cappuccino,Afternoon,Thu,May,4,5,23-05-2024,16:18:14,16
TXN-00492,card,37.72,Latte,Afternoon,Thu,May,4,5,23-05-2024,16:41:00,16
TXN-00493,card,37.72,Cappuccino,Night,Thu,May,4,5,23-05-2024,17:14:33,17
TXN-00494,card,37.72,Latte,Night,Thu,May,4,5,23-05-2024,17:15:45,17
TXN-00495,card,27.92,Cortado,Night,Thu,May,4,5,23-05-2024,19:03:54,19
TXN-00496,card,37.72,Cappuccino,Night,Thu,May,4,5,23-05-2024,19:17:28,19
TXN-00497,card,37.72,Cappuccino,Night,Thu,May,4,5,23-05-2024,19:18:26,19
TXN-00498,card,37.72,Cappuccino,Night,Thu,May,4,5,23-05-2024,19:42:32,19
TXN-00499,card,37.72,Cappuccino,Night,Thu,May,4,5,23-05-2024,20:15:01,20
TXN-00500,card,37.72,Latte,Night,Thu,May,4,5,23-05-2024,20:16:24,20
TXN-00501,card,32.82,Americano with Milk,Night,Thu,May,4,5,23-05-2024,22:48:11,22
TXN-00502,card,27.92,Cortado,Morning,Fri,May,5,5,24-05-2024,11:11:59,11
TXN-00503,card,27.92,Americano,Morning,Fri,May,5,5,24-05-2024,11:15:08,11
TXN-00504,card,27.92,Americano,Morning,Fri,May,5,5,24-05-2024,11:16:13,11
TXN-00505,card,37.72,Hot Chocolate,Afternoon,Fri,May,5,5,24-05-2024,16:07:20,16
TXN-00506,card,27.92,Cortado,Night,Fri,May,5,5,24-05-2024,18:17:40,18
TXN-00507,card,27.92,Cortado,Night,Fri,May,5,5,24-05-2024,18:18:37,18
TXN-00508,card,32.82,Americano with Milk,Night,Fri,May,5,5,24-05-2024,22:30:40,22
TXN-00509,card,37.72,Latte,Afternoon,Sat,May,6,5,25-05-2024,12:13:53,12
TXN-00510,card,32.82,Americano with Milk,Afternoon,Sat,May,6,5,25-05-2024,12:42:10,12
TXN-00511,card,32.82,Americano with Milk,Afternoon,Sat,May,6,5,25-05-2024,12:43:13,12
TXN-00512,card,32.82,Americano with Milk,Afternoon,Sat,May,6,5,25-05-2024,12:58:12,12
TXN-00513,card,32.82,Americano with Milk,Afternoon,Sat,May,6,5,25-05-2024,16:47:10,16
TXN-00514,card,27.92,Americano,Afternoon,Sat,May,6,5,25-05-2024,16:48:17,16
TXN-00515,card,37.72,Latte,Morning,Sun,May,7,5,26-05-2024,10:20:02,10
TXN-00516,card,32.82,Americano with Milk,Afternoon,Sun,May,7,5,26-05-2024,14:24:50,14
TXN-00517,card,27.92,Cortado,Afternoon,Sun,May,7,5,26-05-2024,14:26:05,14
TXN-00518,card,32.82,Americano with Milk,Afternoon,Sun,May,7,5,26-05-2024,14:40:59,14
TXN-00519,card,37.72,Cappuccino,Night,Sun,May,7,5,26-05-2024,17:19:16,17
TXN-00520,card,37.72,Hot Chocolate,Night,Sun,May,7,5,26-05-2024,18:09:53,18
TXN-00521,card,37.72,Hot Chocolate,Night,Sun,May,7,5,26-05-2024,18:11:02,18
TXN-00522,card,27.92,Americano,Night,Sun,May,7,5,26-05-2024,18:13:14,18
TXN-00523,card,37.72,Latte,Night,Sun,May,7,5,26-05-2024,18:39:19,18
TXN-00524,card,37.72,Hot Chocolate,Night,Sun,May,7,5,26-05-2024,20:59:15,20
TXN-00525,card,37.72,Cappuccino,Night,Sun,May,7,5,26-05-2024,21:00:06,21
TXN-00526,card,27.92,Cortado,Night,Sun,May,7,5,26-05-2024,21:02:37,21
TXN-00527,card,37.72,Cappuccino,Night,Sun,May,7,5,26-05-2024,21:03:52,21
TXN-00528,card,37.72,Latte,Night,Sun,May,7,5,26-05-2024,21:04:59,21
TXN-00529,card,37.72,Cappuccino,Night,Sun,May,7,5,26-05-2024,21:06:03,21
TXN-00530,card,27.92,Americano,Morning,Mon,May,1,5,27-05-2024,11:34:55,11
TXN-00531,card,32.82,Americano with Milk,Afternoon,Mon,May,1,5,27-05-2024,14:05:22,14
TXN-00532,card,37.72,Cocoa,Afternoon,Mon,May,1,5,27-05-2024,14:06:44,14
TXN-00533,card,27.92,Americano,Afternoon,Mon,May,1,5,27-05-2024,15:11:34,15
TXN-00534,card,27.92,Americano,Afternoon,Mon,May,1,5,27-05-2024,15:14:06,15
TXN-00535,card,37.72,Latte,Night,Mon,May,1,5,27-05-2024,17:50:56,17
TXN-00536,card,27.92,Americano,Night,Mon,May,1,5,27-05-2024,18:00:51,18
TXN-00537,card,37.72,Latte,Night,Mon,May,1,5,27-05-2024,19:16:27,19
TXN-00538,card,37.72,Latte,Night,Mon,May,1,5,27-05-2024,19:17:39,19
TXN-00539,card,32.82,Americano with Milk,Night,Mon,May,1,5,27-05-2024,21:29:07,21
TXN-00540,card,37.72,Cappuccino,Night,Mon,May,1,5,27-05-2024,21:30:20,21
TXN-00541,card,32.82,Americano with Milk,Morning,Tue,May,2,5,28-05-2024,08:37:09,8
TXN-00542,card,32.82,Americano with Milk,Morning,Tue,May,2,5,28-05-2024,09:20:11,9
TXN-00543,card,37.72,Cappuccino,Morning,Tue,May,2,5,28-05-2024,11:48:18,11
TXN-00544,card,37.72,Cappuccino,Afternoon,Tue,May,2,5,28-05-2024,13:14:40,13
TXN-00545,card,37.72,Cocoa,Afternoon,Tue,May,2,5,28-05-2024,14:10:54,14
TXN-00546,card,27.92,Cortado,Afternoon,Tue,May,2,5,28-05-2024,16:25:39,16
TXN-00547,card,27.92,Americano,Night,Tue,May,2,5,28-05-2024,19:09:29,19
TXN-00548,card,37.72,Latte,Night,Tue,May,2,5,28-05-2024,19:10:31,19
TXN-00549,card,32.82,Americano with Milk,Night,Tue,May,2,5,28-05-2024,20:24:32,20
TXN-00550,card,27.92,Americano,Night,Tue,May,2,5,28-05-2024,20:50:19,20
TXN-00551,card,37.72,Latte,Morning,Wed,May,3,5,29-05-2024,09:14:44,9
TXN-00552,card,37.72,Hot Chocolate,Morning,Wed,May,3,5,29-05-2024,11:14:03,11
TXN-00553,card,27.92,Americano,Afternoon,Wed,May,3,5,29-05-2024,15:10:49,15
TXN-00554,card,37.72,Latte,Afternoon,Wed,May,3,5,29-05-2024,15:22:56,15
TXN-00555,card,37.72,Cappuccino,Afternoon,Wed,May,3,5,29-05-2024,15:45:13,15
TXN-00556,card,37.72,Latte,Afternoon,Wed,May,3,5,29-05-2024,16:45:04,16
TXN-00557,card,27.92,Cortado,Night,Wed,May,3,5,29-05-2024,18:24:03,18
TXN-00558,card,37.72,Latte,Night,Wed,May,3,5,29-05-2024,18:24:59,18
TXN-00559,card,37.72,Hot Chocolate,Night,Wed,May,3,5,29-05-2024,20:30:42,20
TXN-00560,card,37.72,Cocoa,Night,Wed,May,3,5,29-05-2024,20:32:35,20
TXN-00561,card,37.72,Cappuccino,Morning,Thu,May,4,5,30-05-2024,08:29:06,8
TXN-00562,card,37.72,Latte,Morning,Thu,May,4,5,30-05-2024,08:30:22,8
TXN-00563,card,32.82,Americano with Milk,Morning,Thu,May,4,5,30-05-2024,08:37:05,8
TXN-00564,card,37.72,Latte,Morning,Thu,May,4,5,30-05-2024,09:47:59,9
TXN-00565,card,32.82,Americano with Milk,Afternoon,Thu,May,4,5,30-05-2024,14:56:15,14
TXN-00566,card,23.02,Espresso,Afternoon,Thu,May,4,5,30-05-2024,15:16:16,15
TXN-00567,card,23.02,Espresso,Afternoon,Thu,May,4,5,30-05-2024,15:17:39,15
TXN-00568,card,37.72,Cappuccino,Night,Thu,May,4,5,30-05-2024,19:53:11,19
TXN-00569,card,37.72,Latte,Night,Thu,May,4,5,30-05-2024,20:31:05,20
TXN-00570,card,37.72,Hot Chocolate,Night,Thu,May,4,5,30-05-2024,20:46:14,20
TXN-00571,card,32.82,Americano with Milk,Night,Thu,May,4,5,30-05-2024,20:47:22,20
TXN-00572,card,32.82,Americano with Milk,Morning,Fri,May,5,5,31-05-2024,07:53:57,7
TXN-00573,card,37.72,Latte,Morning,Fri,May,5,5,31-05-2024,09:21:08,9
TXN-00574,card,37.72,Hot Chocolate,Morning,Fri,May,5,5,31-05-2024,10:38:08,10
TXN-00575,card,37.72,Cocoa,Morning,Fri,May,5,5,31-05-2024,10:39:06,10
TXN-00576,card,32.82,Americano with Milk,Afternoon,Fri,May,5,5,31-05-2024,14:50:13,14
TXN-00577,card,37.72,Latte,Night,Fri,May,5,5,31-05-2024,18:23:45,18
TXN-00578,card,37.72,Latte,Night,Fri,May,5,5,31-05-2024,18:25:03,18
TXN-00579,card,37.72,Cappuccino,Night,Fri,May,5,5,31-05-2024,20:06:39,20
TXN-00580,card,32.82,Americano with Milk,Night,Fri,May,5,5,31-05-2024,20:33:06,20
TXN-00581,card,37.72,Latte,Night,Fri,May,5,5,31-05-2024,20:34:33,20
TXN-00582,card,37.72,Cappuccino,Night,Fri,May,5,5,31-05-2024,22:05:47,22
TXN-00583,card,32.82,Americano with Milk,Night,Fri,May,5,5,31-05-2024,22:06:52,22
TXN-00584,card,27.92,Cortado,Night,Fri,May,5,5,31-05-2024,22:07:55,22
TXN-00585,card,27.92,Cortado,Morning,Sat,Jun,6,6,01-06-2024,08:27:02,8
TXN-00586,card,37.72,Latte,Morning,Sat,Jun,6,6,01-06-2024,09:48:25,9
TXN-00587,card,37.72,Latte,Morning,Sat,Jun,6,6,01-06-2024,11:38:09,11
TXN-00588,card,32.82,Americano with Milk,Afternoon,Sat,Jun,6,6,01-06-2024,14:28:54,14
TXN-00589,card,32.82,Americano with Milk,Night,Sat,Jun,6,6,01-06-2024,18:20:13,18
TXN-00590,card,32.82,Americano with Milk,Night,Sat,Jun,6,6,01-06-2024,18:21:15,18
TXN-00591,card,37.72,Cappuccino,Night,Sat,Jun,6,6,01-06-2024,20:50:10,20
TXN-00592,card,37.72,Cappuccino,Night,Sat,Jun,6,6,01-06-2024,20:51:14,20
TXN-00593,card,37.72,Cocoa,Night,Sat,Jun,6,6,01-06-2024,20:59:10,20
TXN-00594,card,32.82,Americano with Milk,Night,Sat,Jun,6,6,01-06-2024,21:51:05,21
TXN-00595,card,37.72,Latte,Night,Sun,Jun,7,6,02-06-2024,20:03:26,20
TXN-00596,card,32.82,Americano with Milk,Night,Sun,Jun,7,6,02-06-2024,20:24:02,20
TXN-00597,card,37.72,Cappuccino,Night,Sun,Jun,7,6,02-06-2024,20:25:07,20
TXN-00598,card,32.82,Americano with Milk,Night,Sun,Jun,7,6,02-06-2024,21:07:21,21
TXN-00599,card,37.72,Latte,Night,Sun,Jun,7,6,02-06-2024,21:30:12,21
TXN-00600,card,37.72,Latte,Morning,Mon,Jun,1,6,03-06-2024,10:12:04,10
TXN-00601,card,37.72,Latte,Morning,Mon,Jun,1,6,03-06-2024,10:27:50,10
TXN-00602,card,37.72,Cappuccino,Afternoon,Mon,Jun,1,6,03-06-2024,14:31:42,14
TXN-00603,card,32.82,Americano with Milk,Afternoon,Mon,Jun,1,6,03-06-2024,14:33:01,14
TXN-00604,card,37.72,Latte,Afternoon,Mon,Jun,1,6,03-06-2024,14:34:07,14
TXN-00605,card,27.92,Cortado,Morning,Tue,Jun,2,6,04-06-2024,09:23:43,9
TXN-00606,card,32.82,Americano with Milk,Morning,Tue,Jun,2,6,04-06-2024,10:27:14,10
TXN-00607,card,37.72,Latte,Afternoon,Tue,Jun,2,6,04-06-2024,12:02:10,12
TXN-00608,card,37.72,Hot Chocolate,Afternoon,Tue,Jun,2,6,04-06-2024,12:05:29,12
TXN-00609,card,37.72,Latte,Afternoon,Tue,Jun,2,6,04-06-2024,15:30:32,15
TXN-00610,card,27.92,Cortado,Night,Tue,Jun,2,6,04-06-2024,17:46:37,17
TXN-00611,card,37.72,Cappuccino,Night,Tue,Jun,2,6,04-06-2024,17:47:29,17
TXN-00612,card,37.72,Hot Chocolate,Night,Tue,Jun,2,6,04-06-2024,20:13:01,20
TXN-00613,card,37.72,Cappuccino,Night,Tue,Jun,2,6,04-06-2024,20:50:34,20
TXN-00614,card,27.92,Cortado,Night,Tue,Jun,2,6,04-06-2024,21:31:59,21
TXN-00615,card,32.82,Americano with Milk,Night,Tue,Jun,2,6,04-06-2024,21:33:03,21
TXN-00616,card,32.82,Americano with Milk,Night,Tue,Jun,2,6,04-06-2024,21:34:56,21
TXN-00617,card,32.82,Americano with Milk,Night,Tue,Jun,2,6,04-06-2024,21:36:07,21
TXN-00618,card,32.82,Americano with Milk,Night,Tue,Jun,2,6,04-06-2024,21:37:15,21
TXN-00619,card,37.72,Cappuccino,Morning,Wed,Jun,3,6,05-06-2024,08:21:49,8
TXN-00620,card,37.72,Cappuccino,Morning,Wed,Jun,3,6,05-06-2024,08:23:07,8
TXN-00621,card,27.92,Americano,Morning,Wed,Jun,3,6,05-06-2024,09:22:43,9
TXN-00622,card,37.72,Latte,Morning,Wed,Jun,3,6,05-06-2024,10:28:51,10
TXN-00623,card,32.82,Americano with Milk,Morning,Wed,Jun,3,6,05-06-2024,10:40:53,10
TXN-00624,card,32.82,Americano with Milk,Night,Wed,Jun,3,6,05-06-2024,19:43:58,19
TXN-00625,card,37.72,Latte,Night,Wed,Jun,3,6,05-06-2024,19:59:54,19
TXN-00626,card,37.72,Cocoa,Night,Wed,Jun,3,6,05-06-2024,20:10:48,20
TXN-00627,card,27.92,Cortado,Night,Wed,Jun,3,6,05-06-2024,20:12:02,20
TXN-00628,card,32.82,Americano with Milk,Morning,Thu,Jun,4,6,06-06-2024,08:52:56,8
TXN-00629,card,32.82,Americano with Milk,Morning,Thu,Jun,4,6,06-06-2024,08:54:08,8
TXN-00630,card,37.72,Latte,Morning,Thu,Jun,4,6,06-06-2024,10:36:10,10
TXN-00631,card,27.92,Americano,Afternoon,Thu,Jun,4,6,06-06-2024,12:17:41,12
TXN-00632,card,32.82,Americano with Milk,Afternoon,Thu,Jun,4,6,06-06-2024,15:11:14,15
TXN-00633,card,37.72,Cappuccino,Afternoon,Thu,Jun,4,6,06-06-2024,15:24:06,15
TXN-00634,card,37.72,Latte,Night,Thu,Jun,4,6,06-06-2024,21:14:05,21
TXN-00635,card,37.72,Latte,Night,Thu,Jun,4,6,06-06-2024,21:15:42,21
TXN-00636,card,37.72,Cappuccino,Night,Thu,Jun,4,6,06-06-2024,21:18:27,21
TXN-00637,card,32.82,Americano with Milk,Night,Thu,Jun,4,6,06-06-2024,21:19:30,21
TXN-00638,card,37.72,Latte,Night,Thu,Jun,4,6,06-06-2024,21:21:04,21
TXN-00639,card,37.72,Cappuccino,Morning,Fri,Jun,5,6,07-06-2024,08:18:04,8
TXN-00640,card,23.02,Espresso,Morning,Fri,Jun,5,6,07-06-2024,10:35:28,10
TXN-00641,card,32.82,Americano with Milk,Afternoon,Fri,Jun,5,6,07-06-2024,13:34:18,13
TXN-00642,card,27.92,Cortado,Afternoon,Fri,Jun,5,6,07-06-2024,16:45:42,16
TXN-00643,card,27.92,Cortado,Afternoon,Fri,Jun,5,6,07-06-2024,16:47:15,16
TXN-00644,card,27.92,Cortado,Morning,Sat,Jun,6,6,08-06-2024,09:04:20,9
TXN-00645,card,32.82,Americano with Milk,Morning,Sat,Jun,6,6,08-06-2024,09:26:11,9
TXN-00646,card,37.72,Cappuccino,Night,Sat,Jun,6,6,08-06-2024,20:24:54,20
TXN-00647,card,37.72,Cappuccino,Night,Sat,Jun,6,6,08-06-2024,20:25:56,20
TXN-00648,card,37.72,Latte,Morning,Sun,Jun,7,6,09-06-2024,08:15:53,8
TXN-00649,card,37.72,Latte,Morning,Sun,Jun,7,6,09-06-2024,10:30:04,10
TXN-00650,card,37.72,Cappuccino,Morning,Sun,Jun,7,6,09-06-2024,10:52:06,10
TXN-00651,card,27.92,Cortado,Morning,Sun,Jun,7,6,09-06-2024,11:04:41,11
TXN-00652,card,23.02,Espresso,Morning,Sun,Jun,7,6,09-06-2024,11:07:08,11
TXN-00653,card,37.72,Cappuccino,Morning,Sun,Jun,7,6,09-06-2024,11:52:50,11
TXN-00654,card,32.82,Americano with Milk,Afternoon,Sun,Jun,7,6,09-06-2024,12:11:24,12
TXN-00655,card,37.72,Latte,Afternoon,Sun,Jun,7,6,09-06-2024,12:13:08,12
TXN-00656,card,37.72,Latte,Afternoon,Sun,Jun,7,6,09-06-2024,12:14:11,12
TXN-00657,card,27.92,Cortado,Afternoon,Sun,Jun,7,6,09-06-2024,15:10:31,15
TXN-00658,card,37.72,Cappuccino,Afternoon,Sun,Jun,7,6,09-06-2024,16:17:28,16
TXN-00659,card,32.82,Americano with Milk,Night,Sun,Jun,7,6,09-06-2024,19:21:19,19
TXN-00660,card,27.92,Americano,Night,Sun,Jun,7,6,09-06-2024,21:05:09,21
TXN-00661,card,37.72,Cappuccino,Afternoon,Mon,Jun,1,6,10-06-2024,12:47:50,12
TXN-00662,card,37.72,Latte,Afternoon,Mon,Jun,1,6,10-06-2024,12:56:48,12
TXN-00663,card,37.72,Hot Chocolate,Night,Mon,Jun,1,6,10-06-2024,19:04:28,19
TXN-00664,card,37.72,Hot Chocolate,Night,Mon,Jun,1,6,10-06-2024,19:05:23,19
TXN-00665,card,37.72,Latte,Night,Mon,Jun,1,6,10-06-2024,19:37:24,19
TXN-00666,card,37.72,Latte,Night,Mon,Jun,1,6,10-06-2024,19:38:20,19
TXN-00667,card,32.82,Americano with Milk,Morning,Tue,Jun,2,6,11-06-2024,10:38:04,10
TXN-00668,card,37.72,Latte,Night,Tue,Jun,2,6,11-06-2024,18:48:25,18
TXN-00669,card,37.72,Latte,Night,Tue,Jun,2,6,11-06-2024,18:49:36,18
TXN-00670,card,37.72,Hot Chocolate,Night,Tue,Jun,2,6,11-06-2024,21:17:03,21
TXN-00671,card,32.82,Americano with Milk,Night,Tue,Jun,2,6,11-06-2024,21:27:42,21
TXN-00672,card,32.82,Americano with Milk,Night,Tue,Jun,2,6,11-06-2024,21:28:50,21
TXN-00673,card,37.72,Hot Chocolate,Morning,Wed,Jun,3,6,12-06-2024,10:18:19,10
TXN-00674,card,37.72,Cappuccino,Morning,Wed,Jun,3,6,12-06-2024,11:51:44,11
TXN-00675,card,37.72,Latte,Night,Wed,Jun,3,6,12-06-2024,17:41:17,17
TXN-00676,card,37.72,Latte,Night,Wed,Jun,3,6,12-06-2024,17:47:28,17
TXN-00677,card,37.72,Hot Chocolate,Night,Wed,Jun,3,6,12-06-2024,20:16:34,20
TXN-00678,card,32.82,Americano with Milk,Night,Wed,Jun,3,6,12-06-2024,20:25:34,20
TXN-00679,card,27.92,Americano,Morning,Thu,Jun,4,6,13-06-2024,08:54:24,8
TXN-00680,card,37.72,Latte,Morning,Thu,Jun,4,6,13-06-2024,08:57:26,8
TXN-00681,card,32.82,Americano with Milk,Morning,Thu,Jun,4,6,13-06-2024,09:50:25,9
TXN-00682,card,27.92,Cortado,Morning,Thu,Jun,4,6,13-06-2024,09:57:12,9
TXN-00683,card,32.82,Americano with Milk,Night,Thu,Jun,4,6,13-06-2024,17:04:59,17
TXN-00684,card,37.72,Hot Chocolate,Night,Thu,Jun,4,6,13-06-2024,17:27:47,17
TXN-00685,card,37.72,Latte,Night,Thu,Jun,4,6,13-06-2024,19:22:19,19
TXN-00686,card,32.82,Americano with Milk,Night,Thu,Jun,4,6,13-06-2024,20:20:52,20
TXN-00687,card,23.02,Espresso,Night,Thu,Jun,4,6,13-06-2024,20:43:46,20
TXN-00688,card,23.02,Espresso,Night,Thu,Jun,4,6,13-06-2024,20:45:01,20
TXN-00689,card,32.82,Americano with Milk,Night,Thu,Jun,4,6,13-06-2024,20:48:18,20
TXN-00690,card,32.82,Americano with Milk,Night,Thu,Jun,4,6,13-06-2024,21:02:28,21
TXN-00691,card,27.92,Cortado,Morning,Fri,Jun,5,6,14-06-2024,07:46:13,7
TXN-00692,card,27.92,Americano,Morning,Fri,Jun,5,6,14-06-2024,10:30:32,10
TXN-00693,card,37.72,Latte,Afternoon,Fri,Jun,5,6,14-06-2024,12:14:42,12
TXN-00694,card,32.82,Americano with Milk,Night,Fri,Jun,5,6,14-06-2024,18:29:53,18
TXN-00695,card,37.72,Cappuccino,Morning,Sat,Jun,6,6,15-06-2024,11:26:02,11
TXN-00696,card,37.72,Latte,Afternoon,Sat,Jun,6,6,15-06-2024,12:21:28,12
TXN-00697,card,32.82,Americano with Milk,Afternoon,Sat,Jun,6,6,15-06-2024,12:22:47,12
TXN-00698,card,23.02,Espresso,Afternoon,Sat,Jun,6,6,15-06-2024,12:23:52,12
TXN-00699,card,37.72,Cocoa,Afternoon,Sat,Jun,6,6,15-06-2024,12:24:35,12
TXN-00700,card,32.82,Americano with Milk,Afternoon,Sat,Jun,6,6,15-06-2024,12:25:24,12
TXN-00701,card,32.82,Americano with Milk,Afternoon,Sat,Jun,6,6,15-06-2024,16:03:30,16
TXN-00702,card,27.92,Americano,Night,Sat,Jun,6,6,15-06-2024,18:14:05,18
TXN-00703,card,32.82,Americano with Milk,Morning,Sun,Jun,7,6,16-06-2024,10:43:51,10
TXN-00704,card,37.72,Latte,Morning,Sun,Jun,7,6,16-06-2024,10:58:41,10
TXN-00705,card,37.72,Hot Chocolate,Morning,Sun,Jun,7,6,16-06-2024,11:00:38,11
TXN-00706,card,37.72,Hot Chocolate,Morning,Sun,Jun,7,6,16-06-2024,11:01:41,11
TXN-00707,card,32.82,Americano with Milk,Afternoon,Sun,Jun,7,6,16-06-2024,12:49:28,12
TXN-00708,card,23.02,Espresso,Afternoon,Sun,Jun,7,6,16-06-2024,14:00:39,14
TXN-00709,card,32.82,Americano with Milk,Afternoon,Sun,Jun,7,6,16-06-2024,15:02:36,15
TXN-00710,card,32.82,Americano with Milk,Afternoon,Sun,Jun,7,6,16-06-2024,15:05:10,15
TXN-00711,card,37.72,Hot Chocolate,Afternoon,Sun,Jun,7,6,16-06-2024,15:44:00,15
TXN-00712,card,37.72,Hot Chocolate,Afternoon,Sun,Jun,7,6,16-06-2024,16:47:37,16
TXN-00713,card,32.82,Americano with Milk,Night,Sun,Jun,7,6,16-06-2024,17:45:17,17
TXN-00714,card,32.82,Americano with Milk,Night,Sun,Jun,7,6,16-06-2024,17:46:17,17
TXN-00715,card,27.92,Americano,Morning,Mon,Jun,1,6,17-06-2024,08:57:24,8
TXN-00716,card,27.92,Cortado,Morning,Mon,Jun,1,6,17-06-2024,10:12:05,10
TXN-00717,card,27.92,Cortado,Morning,Mon,Jun,1,6,17-06-2024,10:13:38,10
TXN-00718,card,37.72,Cappuccino,Morning,Mon,Jun,1,6,17-06-2024,10:55:52,10
TXN-00719,card,37.72,Cappuccino,Afternoon,Mon,Jun,1,6,17-06-2024,14:51:35,14
TXN-00720,card,37.72,Cappuccino,Afternoon,Mon,Jun,1,6,17-06-2024,16:50:13,16
TXN-00721,card,37.72,Cappuccino,Afternoon,Mon,Jun,1,6,17-06-2024,16:51:11,16
TXN-00722,card,27.92,Americano,Afternoon,Mon,Jun,1,6,17-06-2024,16:52:36,16
TXN-00723,card,27.92,Americano,Night,Mon,Jun,1,6,17-06-2024,18:51:20,18
TXN-00724,card,32.82,Americano with Milk,Night,Mon,Jun,1,6,17-06-2024,21:16:11,21
TXN-00725,card,27.92,Americano,Afternoon,Tue,Jun,2,6,18-06-2024,14:04:06,14
TXN-00726,card,37.72,Cappuccino,Afternoon,Tue,Jun,2,6,18-06-2024,14:05:12,14
TXN-00727,card,37.72,Cappuccino,Night,Tue,Jun,2,6,18-06-2024,19:20:41,19
TXN-00728,card,37.72,Cappuccino,Night,Tue,Jun,2,6,18-06-2024,19:21:39,19
TXN-00729,card,27.92,Cortado,Night,Tue,Jun,2,6,18-06-2024,20:35:49,20
TXN-00730,card,32.82,Americano with Milk,Night,Tue,Jun,2,6,18-06-2024,21:20:50,21
TXN-00731,card,32.82,Americano with Milk,Night,Tue,Jun,2,6,18-06-2024,21:22:19,21
TXN-00732,card,37.72,Latte,Morning,Wed,Jun,3,6,19-06-2024,07:47:20,7
TXN-00733,card,27.92,Cortado,Morning,Wed,Jun,3,6,19-06-2024,08:17:55,8
TXN-00734,card,27.92,Americano,Morning,Wed,Jun,3,6,19-06-2024,10:54:00,10
TXN-00735,card,37.72,Latte,Morning,Wed,Jun,3,6,19-06-2024,11:11:28,11
TXN-00736,card,37.72,Cocoa,Morning,Wed,Jun,3,6,19-06-2024,11:12:31,11
TXN-00737,card,32.82,Americano with Milk,Afternoon,Wed,Jun,3,6,19-06-2024,14:21:36,14
TXN-00738,card,37.72,Cappuccino,Night,Wed,Jun,3,6,19-06-2024,18:28:43,18
TXN-00739,card,37.72,Latte,Night,Wed,Jun,3,6,19-06-2024,18:29:59,18
TXN-00740,card,32.82,Americano with Milk,Night,Wed,Jun,3,6,19-06-2024,19:31:31,19
TXN-00741,card,37.72,Cappuccino,Night,Wed,Jun,3,6,19-06-2024,21:28:59,21
TXN-00742,card,32.82,Americano with Milk,Night,Wed,Jun,3,6,19-06-2024,21:30:03,21
TXN-00743,card,37.72,Latte,Morning,Thu,Jun,4,6,20-06-2024,10:50:06,10
TXN-00744,card,37.72,Latte,Night,Thu,Jun,4,6,20-06-2024,18:59:02,18
TXN-00745,card,37.72,Latte,Night,Thu,Jun,4,6,20-06-2024,19:00:00,19
TXN-00746,card,37.72,Latte,Night,Thu,Jun,4,6,20-06-2024,21:39:10,21
TXN-00747,card,37.72,Latte,Night,Thu,Jun,4,6,20-06-2024,21:57:41,21
TXN-00748,card,32.82,Americano with Milk,Night,Thu,Jun,4,6,20-06-2024,21:59:18,21
TXN-00749,card,37.72,Latte,Morning,Fri,Jun,5,6,21-06-2024,09:59:56,9
TXN-00750,card,27.92,Americano,Morning,Fri,Jun,5,6,21-06-2024,10:01:40,10
TXN-00751,card,32.82,Americano with Milk,Afternoon,Fri,Jun,5,6,21-06-2024,13:19:19,13
TXN-00752,card,32.82,Americano with Milk,Afternoon,Fri,Jun,5,6,21-06-2024,13:20:32,13
TXN-00753,card,23.02,Espresso,Night,Fri,Jun,5,6,21-06-2024,18:12:16,18
TXN-00754,card,37.72,Latte,Night,Fri,Jun,5,6,21-06-2024,19:30:27,19
TXN-00755,card,37.72,Cappuccino,Night,Fri,Jun,5,6,21-06-2024,19:47:06,19
TXN-00756,card,37.72,Cappuccino,Night,Fri,Jun,5,6,21-06-2024,19:48:07,19
TXN-00757,card,37.72,Cappuccino,Night,Fri,Jun,5,6,21-06-2024,19:49:55,19
TXN-00758,card,37.72,Cappuccino,Night,Fri,Jun,5,6,21-06-2024,19:51:00,19
TXN-00759,card,27.92,Americano,Night,Fri,Jun,5,6,21-06-2024,19:52:19,19
TXN-00760,card,32.82,Americano with Milk,Night,Fri,Jun,5,6,21-06-2024,19:55:37,19
TXN-00761,card,27.92,Cortado,Morning,Sat,Jun,6,6,22-06-2024,08:39:50,8
TXN-00762,card,32.82,Americano with Milk,Morning,Sat,Jun,6,6,22-06-2024,09:37:49,9
TXN-00763,card,32.82,Americano with Milk,Afternoon,Sat,Jun,6,6,22-06-2024,12:53:16,12
TXN-00764,card,37.72,Latte,Afternoon,Sat,Jun,6,6,22-06-2024,15:37:20,15
TXN-00765,card,37.72,Cappuccino,Night,Sat,Jun,6,6,22-06-2024,22:10:23,22
TXN-00766,card,32.82,Americano with Milk,Night,Sun,Jun,7,6,23-06-2024,18:12:01,18
TXN-00767,card,32.82,Americano with Milk,Night,Sun,Jun,7,6,23-06-2024,18:13:51,18
TXN-00768,card,37.72,Cappuccino,Night,Sun,Jun,7,6,23-06-2024,21:06:47,21
TXN-00769,card,37.72,Latte,Night,Sun,Jun,7,6,23-06-2024,21:29:08,21
TXN-00770,card,37.72,Cappuccino,Night,Sun,Jun,7,6,23-06-2024,21:30:36,21
TXN-00771,card,32.82,Americano with Milk,Morning,Mon,Jun,1,6,24-06-2024,11:44:40,11
TXN-00772,card,37.72,Cappuccino,Morning,Mon,Jun,1,6,24-06-2024,11:49:36,11
TXN-00773,card,37.72,Cappuccino,Morning,Mon,Jun,1,6,24-06-2024,11:50:44,11
TXN-00774,card,37.72,Latte,Afternoon,Mon,Jun,1,6,24-06-2024,15:02:29,15
TXN-00775,card,37.72,Cappuccino,Afternoon,Mon,Jun,1,6,24-06-2024,16:46:01,16
TXN-00776,card,37.72,Cappuccino,Afternoon,Mon,Jun,1,6,24-06-2024,16:47:00,16
TXN-00777,card,37.72,Latte,Morning,Tue,Jun,2,6,25-06-2024,08:19:24,8
TXN-00778,card,32.82,Americano with Milk,Morning,Tue,Jun,2,6,25-06-2024,10:28:26,10
TXN-00779,card,32.82,Americano with Milk,Morning,Tue,Jun,2,6,25-06-2024,10:29:42,10
TXN-00780,card,37.72,Cappuccino,Morning,Tue,Jun,2,6,25-06-2024,11:34:52,11
TXN-00781,card,37.72,Latte,Morning,Wed,Jun,3,6,26-06-2024,09:33:02,9
TXN-00782,card,23.02,Espresso,Afternoon,Wed,Jun,3,6,26-06-2024,16:32:29,16
TXN-00783,card,27.92,Americano,Afternoon,Wed,Jun,3,6,26-06-2024,16:34:02,16
TXN-00784,card,37.72,Latte,Night,Wed,Jun,3,6,26-06-2024,21:21:53,21
TXN-00785,card,37.72,Cappuccino,Night,Wed,Jun,3,6,26-06-2024,21:27:01,21
TXN-00786,card,32.82,Americano with Milk,Night,Wed,Jun,3,6,26-06-2024,21:28:15,21
TXN-00787,card,32.82,Americano with Milk,Morning,Thu,Jun,4,6,27-06-2024,09:15:43,9
TXN-00788,card,27.92,Cortado,Afternoon,Thu,Jun,4,6,27-06-2024,16:11:48,16
TXN-00789,card,32.82,Americano with Milk,Night,Thu,Jun,4,6,27-06-2024,21:44:03,21
TXN-00790,card,37.72,Cappuccino,Night,Thu,Jun,4,6,27-06-2024,21:50:32,21
TXN-00791,card,27.92,Cortado,Morning,Fri,Jun,5,6,28-06-2024,08:08:35,8
TXN-00792,card,23.02,Espresso,Night,Fri,Jun,5,6,28-06-2024,17:51:54,17
TXN-00793,card,32.82,Americano with Milk,Night,Fri,Jun,5,6,28-06-2024,21:50:55,21
TXN-00794,card,37.72,Latte,Night,Fri,Jun,5,6,28-06-2024,21:52:02,21
TXN-00795,card,37.72,Cappuccino,Night,Fri,Jun,5,6,28-06-2024,22:28:20,22
TXN-00796,card,32.82,Americano with Milk,Morning,Sat,Jun,6,6,29-06-2024,09:47:10,9
TXN-00797,card,32.82,Americano with Milk,Morning,Sat,Jun,6,6,29-06-2024,11:40:20,11
TXN-00798,card,32.82,Americano with Milk,Morning,Sat,Jun,6,6,29-06-2024,11:41:27,11
TXN-00799,card,37.72,Cappuccino,Afternoon,Sat,Jun,6,6,29-06-2024,12:30:24,12
TXN-00800,card,37.72,Cappuccino,Afternoon,Sat,Jun,6,6,29-06-2024,12:31:43,12
TXN-00801,card,37.72,Cappuccino,Night,Sat,Jun,6,6,29-06-2024,17:23:44,17
TXN-00802,card,37.72,Hot Chocolate,Night,Sat,Jun,6,6,29-06-2024,17:24:52,17
TXN-00803,card,37.72,Latte,Night,Sat,Jun,6,6,29-06-2024,21:27:22,21
TXN-00804,card,37.72,Latte,Morning,Sun,Jun,7,6,30-06-2024,10:28:10,10
TXN-00805,card,23.02,Espresso,Afternoon,Sun,Jun,7,6,30-06-2024,13:05:51,13
TXN-00806,card,37.72,Hot Chocolate,Afternoon,Sun,Jun,7,6,30-06-2024,16:54:42,16
TXN-00807,card,32.82,Americano with Milk,Night,Sun,Jun,7,6,30-06-2024,21:04:10,21
TXN-00808,card,23.02,Espresso,Night,Mon,Jul,1,7,01-07-2024,18:07:27,18
TXN-00809,card,37.72,Cappuccino,Night,Mon,Jul,1,7,01-07-2024,18:56:52,18
TXN-00810,card,37.72,Cappuccino,Night,Mon,Jul,1,7,01-07-2024,18:57:54,18
TXN-00811,card,32.82,Americano with Milk,Morning,Tue,Jul,2,7,02-07-2024,10:42:54,10
TXN-00812,card,27.92,Americano,Morning,Tue,Jul,2,7,02-07-2024,10:45:01,10
TXN-00813,card,37.72,Latte,Afternoon,Tue,Jul,2,7,02-07-2024,12:48:05,12
TXN-00814,card,27.92,Americano,Afternoon,Tue,Jul,2,7,02-07-2024,14:03:13,14
TXN-00815,card,32.82,Americano with Milk,Afternoon,Tue,Jul,2,7,02-07-2024,16:31:24,16
TXN-00816,card,32.82,Americano with Milk,Night,Tue,Jul,2,7,02-07-2024,22:02:24,22
TXN-00817,card,32.82,Americano with Milk,Afternoon,Wed,Jul,3,7,03-07-2024,13:51:15,13
TXN-00818,card,37.72,Cappuccino,Afternoon,Wed,Jul,3,7,03-07-2024,16:01:17,16
TXN-00819,card,37.72,Cappuccino,Afternoon,Wed,Jul,3,7,03-07-2024,16:50:25,16
TXN-00820,card,32.82,Americano with Milk,Afternoon,Wed,Jul,3,7,03-07-2024,16:53:16,16
TXN-00821,card,32.82,Americano with Milk,Afternoon,Wed,Jul,3,7,03-07-2024,16:54:23,16
TXN-00822,card,37.72,Latte,Afternoon,Wed,Jul,3,7,03-07-2024,16:55:31,16
TXN-00823,card,23.02,Espresso,Afternoon,Wed,Jul,3,7,03-07-2024,16:59:26,16
TXN-00824,card,37.72,Cappuccino,Night,Wed,Jul,3,7,03-07-2024,17:59:02,17
TXN-00825,card,37.72,Latte,Night,Wed,Jul,3,7,03-07-2024,19:06:09,19
TXN-00826,card,32.82,Americano with Milk,Morning,Thu,Jul,4,7,04-07-2024,10:26:24,10
TXN-00827,card,27.92,Americano,Morning,Thu,Jul,4,7,04-07-2024,10:27:30,10
TXN-00828,card,37.72,Cocoa,Afternoon,Fri,Jul,5,7,05-07-2024,12:20:29,12
TXN-00829,card,32.82,Americano with Milk,Afternoon,Fri,Jul,5,7,05-07-2024,13:43:43,13
TXN-00830,card,32.82,Americano with Milk,Afternoon,Fri,Jul,5,7,05-07-2024,13:44:44,13
TXN-00831,card,23.02,Espresso,Night,Fri,Jul,5,7,05-07-2024,18:55:56,18
TXN-00832,card,27.92,Americano,Night,Fri,Jul,5,7,05-07-2024,19:55:08,19
TXN-00833,card,23.02,Espresso,Night,Fri,Jul,5,7,05-07-2024,22:11:56,22
TXN-00834,card,27.92,Americano,Night,Fri,Jul,5,7,05-07-2024,22:18:03,22
TXN-00835,card,27.92,Americano,Night,Fri,Jul,5,7,05-07-2024,22:18:57,22
TXN-00836,card,37.72,Cappuccino,Night,Fri,Jul,5,7,05-07-2024,22:20:01,22
TXN-00837,card,32.82,Americano with Milk,Night,Fri,Jul,5,7,05-07-2024,22:21:09,22
TXN-00838,card,37.72,Latte,Morning,Sat,Jul,6,7,06-07-2024,10:28:07,10
TXN-00839,card,32.82,Latte,Night,Sat,Jul,6,7,06-07-2024,17:15:46,17
TXN-00840,card,32.82,Latte,Night,Sat,Jul,6,7,06-07-2024,17:17:01,17
TXN-00841,card,32.82,Latte,Night,Sat,Jul,6,7,06-07-2024,19:09:46,19
TXN-00842,card,27.92,Americano with Milk,Night,Sat,Jul,6,7,06-07-2024,19:10:40,19
TXN-00843,card,32.82,Cappuccino,Morning,Sun,Jul,7,7,07-07-2024,09:04:20,9
TXN-00844,card,27.92,Americano with Milk,Morning,Sun,Jul,7,7,07-07-2024,09:14:29,9
TXN-00845,card,27.92,Americano with Milk,Morning,Sun,Jul,7,7,07-07-2024,09:15:37,9
TXN-00846,card,32.82,Cappuccino,Morning,Sun,Jul,7,7,07-07-2024,09:28:49,9
TXN-00847,card,32.82,Cappuccino,Morning,Sun,Jul,7,7,07-07-2024,09:29:56,9
TXN-00848,card,32.82,Hot Chocolate,Afternoon,Sun,Jul,7,7,07-07-2024,14:56:30,14
TXN-00849,card,32.82,Cocoa,Afternoon,Sun,Jul,7,7,07-07-2024,14:57:47,14
TXN-00850,card,32.82,Latte,Night,Sun,Jul,7,7,07-07-2024,17:07:50,17
TXN-00851,card,32.82,Cappuccino,Night,Sun,Jul,7,7,07-07-2024,19:33:27,19
TXN-00852,card,32.82,Hot Chocolate,Night,Sun,Jul,7,7,07-07-2024,20:01:32,20
TXN-00853,card,27.92,Americano with Milk,Night,Sun,Jul,7,7,07-07-2024,22:33:36,22
TXN-00854,card,32.82,Latte,Morning,Mon,Jul,1,7,08-07-2024,07:33:08,7
TXN-00855,card,23.02,Americano,Afternoon,Mon,Jul,1,7,08-07-2024,12:02:50,12
TXN-00856,card,23.02,Americano,Afternoon,Mon,Jul,1,7,08-07-2024,14:40:24,14
TXN-00857,card,27.92,Americano with Milk,Night,Mon,Jul,1,7,08-07-2024,19:30:35,19
TXN-00858,card,32.82,Latte,Night,Mon,Jul,1,7,08-07-2024,22:14:46,22
TXN-00859,card,27.92,Americano with Milk,Morning,Tue,Jul,2,7,09-07-2024,10:26:52,10
TXN-00860,card,27.92,Americano with Milk,Morning,Tue,Jul,2,7,09-07-2024,10:40:29,10
TXN-00861,card,27.92,Americano with Milk,Morning,Tue,Jul,2,7,09-07-2024,11:21:36,11
TXN-00862,card,32.82,Cappuccino,Morning,Tue,Jul,2,7,09-07-2024,11:22:50,11
TXN-00863,card,27.92,Americano with Milk,Afternoon,Tue,Jul,2,7,09-07-2024,16:43:00,16
TXN-00864,card,23.02,Americano,Morning,Wed,Jul,3,7,10-07-2024,11:10:42,11
TXN-00865,card,27.92,Americano with Milk,Afternoon,Wed,Jul,3,7,10-07-2024,12:28:54,12
TXN-00866,card,32.82,Latte,Night,Wed,Jul,3,7,10-07-2024,22:13:10,22
TXN-00867,card,32.82,Hot Chocolate,Morning,Thu,Jul,4,7,11-07-2024,11:27:28,11
TXN-00868,card,27.92,Americano with Milk,Afternoon,Thu,Jul,4,7,11-07-2024,16:48:19,16
TXN-00869,card,32.82,Latte,Night,Thu,Jul,4,7,11-07-2024,22:22:14,22
TXN-00870,card,23.02,Americano,Night,Thu,Jul,4,7,11-07-2024,22:30:59,22
TXN-00871,card,23.02,Cortado,Morning,Fri,Jul,5,7,12-07-2024,08:03:17,8
TXN-00872,card,32.82,Hot Chocolate,Morning,Fri,Jul,5,7,12-07-2024,11:48:33,11
TXN-00873,card,32.82,Hot Chocolate,Night,Fri,Jul,5,7,12-07-2024,22:33:26,22
TXN-00874,card,32.82,Hot Chocolate,Night,Fri,Jul,5,7,12-07-2024,22:34:14,22
TXN-00875,card,32.82,Hot Chocolate,Night,Fri,Jul,5,7,12-07-2024,22:35:30,22
TXN-00876,card,32.82,Latte,Morning,Sat,Jul,6,7,13-07-2024,10:38:10,10
TXN-00877,card,32.82,Latte,Morning,Sat,Jul,6,7,13-07-2024,11:41:38,11
TXN-00878,card,23.02,Americano,Morning,Sun,Jul,7,7,14-07-2024,10:54:24,10
TXN-00879,card,27.92,Americano with Milk,Morning,Sun,Jul,7,7,14-07-2024,10:55:31,10
TXN-00880,card,32.82,Cappuccino,Morning,Sun,Jul,7,7,14-07-2024,10:56:30,10
TXN-00881,card,32.82,Latte,Morning,Sun,Jul,7,7,14-07-2024,10:57:54,10
TXN-00882,card,23.02,Americano,Morning,Sun,Jul,7,7,14-07-2024,11:02:12,11
TXN-00883,card,32.82,Latte,Night,Sun,Jul,7,7,14-07-2024,22:31:30,22
TXN-00884,card,32.82,Cappuccino,Morning,Mon,Jul,1,7,15-07-2024,07:33:06,7
TXN-00885,card,27.92,Americano with Milk,Afternoon,Tue,Jul,2,7,16-07-2024,12:23:37,12
TXN-00886,card,32.82,Hot Chocolate,Night,Tue,Jul,2,7,16-07-2024,19:29:25,19
TXN-00887,card,27.92,Americano with Milk,Afternoon,Wed,Jul,3,7,17-07-2024,13:05:00,13
TXN-00888,card,27.92,Americano with Milk,Morning,Thu,Jul,4,7,18-07-2024,11:10:13,11
TXN-00889,card,18.12,Espresso,Morning,Thu,Jul,4,7,18-07-2024,11:11:23,11
TXN-00890,card,23.02,Americano,Morning,Thu,Jul,4,7,18-07-2024,11:33:00,11
TXN-00891,card,23.02,Americano,Morning,Thu,Jul,4,7,18-07-2024,11:34:48,11
TXN-00892,card,23.02,Cortado,Morning,Thu,Jul,4,7,18-07-2024,11:35:52,11
TXN-00893,card,32.82,Latte,Afternoon,Thu,Jul,4,7,18-07-2024,13:23:34,13
TXN-00894,card,32.82,Cappuccino,Night,Thu,Jul,4,7,18-07-2024,18:18:23,18
TXN-00895,card,32.82,Latte,Night,Thu,Jul,4,7,18-07-2024,19:30:51,19
TXN-00896,card,32.82,Hot Chocolate,Night,Thu,Jul,4,7,18-07-2024,21:19:42,21
TXN-00897,card,32.82,Latte,Night,Thu,Jul,4,7,18-07-2024,21:22:00,21
TXN-00898,card,32.82,Latte,Night,Thu,Jul,4,7,18-07-2024,21:46:19,21
TXN-00899,card,23.02,Americano,Morning,Fri,Jul,5,7,19-07-2024,11:03:02,11
TXN-00900,card,27.92,Americano with Milk,Morning,Fri,Jul,5,7,19-07-2024,11:16:21,11
TXN-00901,card,32.82,Latte,Afternoon,Fri,Jul,5,7,19-07-2024,12:58:38,12
TXN-00902,card,27.92,Americano with Milk,Afternoon,Fri,Jul,5,7,19-07-2024,12:59:55,12
TXN-00903,card,32.82,Latte,Afternoon,Fri,Jul,5,7,19-07-2024,14:09:21,14
TXN-00904,card,32.82,Cocoa,Afternoon,Fri,Jul,5,7,19-07-2024,14:11:22,14
TXN-00905,card,32.82,Latte,Afternoon,Fri,Jul,5,7,19-07-2024,16:36:19,16
TXN-00906,card,32.82,Latte,Afternoon,Fri,Jul,5,7,19-07-2024,16:37:36,16
TXN-00907,card,23.02,Americano,Morning,Sat,Jul,6,7,20-07-2024,08:05:44,8
TXN-00908,card,32.82,Latte,Morning,Sat,Jul,6,7,20-07-2024,08:06:49,8
TXN-00909,card,23.02,Americano,Morning,Sat,Jul,6,7,20-07-2024,08:07:51,8
TXN-00910,card,32.82,Latte,Morning,Sat,Jul,6,7,20-07-2024,09:00:54,9
TXN-00911,card,32.82,Latte,Morning,Sat,Jul,6,7,20-07-2024,09:02:28,9
TXN-00912,card,23.02,Americano,Morning,Sat,Jul,6,7,20-07-2024,10:39:21,10
TXN-00913,card,32.82,Latte,Afternoon,Sat,Jul,6,7,20-07-2024,15:15:09,15
TXN-00914,card,32.82,Cocoa,Morning,Sun,Jul,7,7,21-07-2024,10:30:56,10
TXN-00915,card,32.82,Cappuccino,Morning,Sun,Jul,7,7,21-07-2024,11:39:29,11
TXN-00916,card,23.02,Cortado,Afternoon,Sun,Jul,7,7,21-07-2024,13:34:31,13
TXN-00917,card,32.82,Latte,Afternoon,Sun,Jul,7,7,21-07-2024,13:42:31,13
TXN-00918,card,23.02,Americano,Morning,Mon,Jul,1,7,22-07-2024,08:13:23,8
TXN-00919,card,23.02,Americano,Morning,Mon,Jul,1,7,22-07-2024,08:40:50,8
TXN-00920,card,27.92,Americano with Milk,Morning,Mon,Jul,1,7,22-07-2024,10:15:37,10
TXN-00921,card,32.82,Latte,Afternoon,Mon,Jul,1,7,22-07-2024,16:44:38,16
TXN-00922,card,32.82,Latte,Morning,Tue,Jul,2,7,23-07-2024,08:12:56,8
TXN-00923,card,23.02,Americano,Morning,Tue,Jul,2,7,23-07-2024,08:40:19,8
TXN-00924,card,27.92,Americano with Milk,Morning,Tue,Jul,2,7,23-07-2024,08:44:54,8
TXN-00925,card,32.82,Cocoa,Morning,Tue,Jul,2,7,23-07-2024,08:49:25,8
TXN-00926,card,32.82,Latte,Morning,Tue,Jul,2,7,23-07-2024,08:51:10,8
TXN-00927,card,23.02,Americano,Morning,Tue,Jul,2,7,23-07-2024,09:01:46,9
TXN-00928,card,27.92,Americano with Milk,Morning,Tue,Jul,2,7,23-07-2024,10:03:36,10
TXN-00929,card,27.92,Americano with Milk,Afternoon,Tue,Jul,2,7,23-07-2024,15:20:05,15
TXN-00930,card,32.82,Latte,Afternoon,Tue,Jul,2,7,23-07-2024,15:21:01,15
TXN-00931,card,32.82,Latte,Night,Tue,Jul,2,7,23-07-2024,21:01:41,21
TXN-00932,card,23.02,Americano,Night,Tue,Jul,2,7,23-07-2024,21:23:14,21
TXN-00933,card,23.02,Americano,Night,Tue,Jul,2,7,23-07-2024,21:24:23,21
TXN-00934,card,27.92,Americano with Milk,Morning,Wed,Jul,3,7,24-07-2024,09:16:10,9
TXN-00935,card,27.92,Americano with Milk,Morning,Wed,Jul,3,7,24-07-2024,09:38:55,9
TXN-00936,card,18.12,Espresso,Morning,Wed,Jul,3,7,24-07-2024,09:54:37,9
TXN-00937,card,32.82,Cappuccino,Morning,Wed,Jul,3,7,24-07-2024,11:43:53,11
TXN-00938,card,32.82,Latte,Afternoon,Wed,Jul,3,7,24-07-2024,13:55:14,13
TXN-00939,card,18.12,Espresso,Afternoon,Wed,Jul,3,7,24-07-2024,14:45:50,14
TXN-00940,card,32.82,Latte,Afternoon,Wed,Jul,3,7,24-07-2024,15:18:31,15
TXN-00941,card,32.82,Cappuccino,Night,Wed,Jul,3,7,24-07-2024,19:15:06,19
TXN-00942,card,32.82,Cappuccino,Night,Wed,Jul,3,7,24-07-2024,19:17:00,19
TXN-00943,card,27.92,Americano with Milk,Night,Wed,Jul,3,7,24-07-2024,21:17:37,21
TXN-00944,card,23.02,Americano,Night,Wed,Jul,3,7,24-07-2024,21:18:41,21
TXN-00945,card,23.02,Americano,Night,Wed,Jul,3,7,24-07-2024,21:25:17,21
TXN-00946,card,23.02,Americano,Morning,Thu,Jul,4,7,25-07-2024,07:54:48,7
TXN-00947,card,32.82,Latte,Morning,Thu,Jul,4,7,25-07-2024,08:49:18,8
TXN-00948,card,27.92,Americano with Milk,Morning,Thu,Jul,4,7,25-07-2024,10:29:45,10
TXN-00949,card,23.02,Americano,Morning,Thu,Jul,4,7,25-07-2024,11:26:05,11
TXN-00950,card,32.82,Cappuccino,Afternoon,Thu,Jul,4,7,25-07-2024,15:25:07,15
TXN-00951,card,32.82,Cappuccino,Night,Thu,Jul,4,7,25-07-2024,19:21:01,19
TXN-00952,card,23.02,Cortado,Night,Thu,Jul,4,7,25-07-2024,21:06:01,21
TXN-00953,card,18.12,Espresso,Night,Thu,Jul,4,7,25-07-2024,21:06:50,21
TXN-00954,card,23.02,Cortado,Night,Thu,Jul,4,7,25-07-2024,22:38:51,22
TXN-00955,card,32.82,Cocoa,Night,Thu,Jul,4,7,25-07-2024,22:39:47,22
TXN-00956,card,32.82,Latte,Morning,Fri,Jul,5,7,26-07-2024,08:33:01,8
TXN-00957,card,27.92,Americano with Milk,Morning,Fri,Jul,5,7,26-07-2024,09:19:37,9
TXN-00958,card,18.12,Espresso,Morning,Fri,Jul,5,7,26-07-2024,09:20:34,9
TXN-00959,card,23.02,Cortado,Morning,Fri,Jul,5,7,26-07-2024,09:33:12,9
TXN-00960,card,23.02,Cortado,Morning,Fri,Jul,5,7,26-07-2024,09:34:17,9
TXN-00961,card,32.82,Latte,Morning,Fri,Jul,5,7,26-07-2024,09:59:08,9
TXN-00962,card,32.82,Latte,Morning,Fri,Jul,5,7,26-07-2024,10:00:03,10
TXN-00963,card,27.92,Americano with Milk,Morning,Fri,Jul,5,7,26-07-2024,11:47:14,11
TXN-00964,card,27.92,Americano with Milk,Afternoon,Fri,Jul,5,7,26-07-2024,12:07:02,12
TXN-00965,card,32.82,Cappuccino,Afternoon,Fri,Jul,5,7,26-07-2024,12:28:08,12
TXN-00966,card,32.82,Cappuccino,Afternoon,Fri,Jul,5,7,26-07-2024,12:29:18,12
TXN-00967,card,32.82,Latte,Afternoon,Fri,Jul,5,7,26-07-2024,13:09:56,13
TXN-00968,card,23.02,Americano,Night,Fri,Jul,5,7,26-07-2024,17:23:29,17
TXN-00969,card,32.82,Cappuccino,Night,Fri,Jul,5,7,26-07-2024,17:58:29,17
TXN-00970,card,32.82,Latte,Night,Fri,Jul,5,7,26-07-2024,21:15:10,21
TXN-00971,card,27.92,Americano with Milk,Night,Fri,Jul,5,7,26-07-2024,22:49:52,22
TXN-00972,card,32.82,Cappuccino,Morning,Sat,Jul,6,7,27-07-2024,09:09:16,9
TXN-00973,card,27.92,Americano with Milk,Morning,Sat,Jul,6,7,27-07-2024,11:55:31,11
TXN-00974,card,27.92,Americano with Milk,Afternoon,Sat,Jul,6,7,27-07-2024,12:25:10,12
TXN-00975,card,18.12,Espresso,Afternoon,Sat,Jul,6,7,27-07-2024,12:26:13,12
TXN-00976,card,27.92,Americano with Milk,Afternoon,Sat,Jul,6,7,27-07-2024,12:33:23,12
TXN-00977,card,18.12,Espresso,Afternoon,Sat,Jul,6,7,27-07-2024,14:28:42,14
TXN-00978,card,32.82,Latte,Afternoon,Sat,Jul,6,7,27-07-2024,14:51:53,14
TXN-00979,card,32.82,Cappuccino,Night,Sat,Jul,6,7,27-07-2024,17:02:33,17
TXN-00980,card,32.82,Cappuccino,Night,Sat,Jul,6,7,27-07-2024,17:03:39,17
TXN-00981,card,27.92,Americano with Milk,Night,Sat,Jul,6,7,27-07-2024,17:09:00,17
TXN-00982,card,27.92,Americano with Milk,Night,Sat,Jul,6,7,27-07-2024,17:10:08,17
TXN-00983,card,32.82,Latte,Night,Sat,Jul,6,7,27-07-2024,20:55:20,20
TXN-00984,card,32.82,Cappuccino,Night,Sat,Jul,6,7,27-07-2024,22:56:24,22
TXN-00985,card,18.12,Espresso,Morning,Sun,Jul,7,7,28-07-2024,11:07:26,11
TXN-00986,card,27.92,Americano with Milk,Afternoon,Sun,Jul,7,7,28-07-2024,14:17:54,14
TXN-00987,card,32.82,Latte,Afternoon,Sun,Jul,7,7,28-07-2024,14:18:52,14
TXN-00988,card,32.82,Latte,Morning,Mon,Jul,1,7,29-07-2024,08:12:06,8
TXN-00989,card,23.02,Americano,Morning,Mon,Jul,1,7,29-07-2024,09:04:48,9
TXN-00990,card,27.92,Americano with Milk,Morning,Mon,Jul,1,7,29-07-2024,09:15:46,9
TXN-00991,card,23.02,Americano,Morning,Mon,Jul,1,7,29-07-2024,09:19:44,9
TXN-00992,card,27.92,Americano with Milk,Morning,Mon,Jul,1,7,29-07-2024,09:51:25,9
TXN-00993,card,32.82,Cappuccino,Morning,Mon,Jul,1,7,29-07-2024,09:58:30,9
TXN-00994,card,32.82,Hot Chocolate,Morning,Mon,Jul,1,7,29-07-2024,10:43:44,10
TXN-00995,card,32.82,Hot Chocolate,Morning,Mon,Jul,1,7,29-07-2024,10:44:56,10
TXN-00996,card,32.82,Cappuccino,Night,Mon,Jul,1,7,29-07-2024,19:06:31,19
TXN-00997,card,23.02,Americano,Night,Mon,Jul,1,7,29-07-2024,19:30:16,19
TXN-00998,card,32.82,Cocoa,Night,Mon,Jul,1,7,29-07-2024,21:57:34,21
TXN-00999,card,27.92,Americano with Milk,Morning,Tue,Jul,2,7,30-07-2024,07:41:11,7
TXN-01000,card,23.02,Cortado,Morning,Tue,Jul,2,7,30-07-2024,08:05:07,8
TXN-01001,card,32.82,Cappuccino,Morning,Tue,Jul,2,7,30-07-2024,08:20:51,8
TXN-01002,card,27.92,Americano with Milk,Morning,Tue,Jul,2,7,30-07-2024,09:13:43,9
TXN-01003,card,23.02,Cortado,Morning,Tue,Jul,2,7,30-07-2024,10:17:11,10
TXN-01004,card,27.92,Americano with Milk,Morning,Tue,Jul,2,7,30-07-2024,10:19:34,10
TXN-01005,card,32.82,Latte,Morning,Tue,Jul,2,7,30-07-2024,10:23:20,10
TXN-01006,card,23.02,Americano,Morning,Tue,Jul,2,7,30-07-2024,11:12:07,11
TXN-01007,card,18.12,Espresso,Morning,Tue,Jul,2,7,30-07-2024,11:13:16,11
TXN-01008,card,27.92,Americano with Milk,Morning,Tue,Jul,2,7,30-07-2024,11:14:42,11
TXN-01009,card,27.92,Americano with Milk,Morning,Tue,Jul,2,7,30-07-2024,11:16:02,11
TXN-01010,card,27.92,Americano with Milk,Morning,Tue,Jul,2,7,30-07-2024,11:30:35,11
TXN-01011,card,27.92,Americano with Milk,Morning,Tue,Jul,2,7,30-07-2024,11:31:41,11
TXN-01012,card,32.82,Latte,Afternoon,Tue,Jul,2,7,30-07-2024,12:08:08,12
TXN-01013,card,27.92,Americano with Milk,Afternoon,Tue,Jul,2,7,30-07-2024,15:16:10,15
TXN-01014,card,23.02,Cortado,Afternoon,Tue,Jul,2,7,30-07-2024,16:08:53,16
TXN-01015,card,27.92,Americano with Milk,Afternoon,Tue,Jul,2,7,30-07-2024,16:09:44,16
TXN-01016,card,18.12,Espresso,Night,Tue,Jul,2,7,30-07-2024,20:24:20,20
TXN-01017,card,27.92,Americano with Milk,Night,Tue,Jul,2,7,30-07-2024,20:53:52,20
TXN-01018,card,27.92,Americano with Milk,Night,Tue,Jul,2,7,30-07-2024,20:54:46,20
TXN-01019,card,27.92,Americano with Milk,Night,Tue,Jul,2,7,30-07-2024,20:57:02,20
TXN-01020,card,32.82,Latte,Night,Tue,Jul,2,7,30-07-2024,21:33:19,21
TXN-01021,card,23.02,Americano,Night,Tue,Jul,2,7,30-07-2024,22:15:21,22
TXN-01022,card,32.82,Cappuccino,Night,Tue,Jul,2,7,30-07-2024,22:16:19,22
TXN-01023,card,27.92,Americano with Milk,Morning,Wed,Jul,3,7,31-07-2024,07:59:52,7
TXN-01024,card,27.92,Americano with Milk,Morning,Wed,Jul,3,7,31-07-2024,08:37:42,8
TXN-01025,card,27.92,Americano with Milk,Morning,Wed,Jul,3,7,31-07-2024,08:38:38,8
TXN-01026,card,23.02,Americano,Morning,Wed,Jul,3,7,31-07-2024,09:54:45,9
TXN-01027,card,23.02,Americano,Morning,Wed,Jul,3,7,31-07-2024,09:55:45,9
TXN-01028,card,27.92,Americano with Milk,Morning,Wed,Jul,3,7,31-07-2024,09:58:16,9
TXN-01029,card,32.82,Cocoa,Afternoon,Wed,Jul,3,7,31-07-2024,13:11:43,13
TXN-01030,card,32.82,Latte,Afternoon,Wed,Jul,3,7,31-07-2024,13:14:00,13
TXN-01031,card,27.92,Americano with Milk,Afternoon,Wed,Jul,3,7,31-07-2024,13:24:49,13
TXN-01032,card,23.02,Cortado,Night,Wed,Jul,3,7,31-07-2024,17:48:07,17
TXN-01033,card,32.82,Latte,Night,Wed,Jul,3,7,31-07-2024,18:04:15,18
TXN-01034,card,23.02,Cortado,Night,Wed,Jul,3,7,31-07-2024,19:22:39,19
TXN-01035,card,32.82,Latte,Night,Wed,Jul,3,7,31-07-2024,19:28:45,19
TXN-01036,card,32.82,Cocoa,Night,Wed,Jul,3,7,31-07-2024,20:46:42,20
TXN-01037,card,23.02,Cortado,Night,Wed,Jul,3,7,31-07-2024,20:50:07,20
TXN-01038,card,32.82,Latte,Night,Wed,Jul,3,7,31-07-2024,20:51:10,20
TXN-01039,card,32.82,Cappuccino,Night,Wed,Jul,3,7,31-07-2024,20:52:15,20
TXN-01040,card,23.02,Cortado,Night,Wed,Jul,3,7,31-07-2024,20:53:35,20
TXN-01041,card,27.92,Americano with Milk,Night,Wed,Jul,3,7,31-07-2024,20:59:25,20
TXN-01042,card,32.82,Latte,Night,Wed,Jul,3,7,31-07-2024,21:26:26,21
TXN-01043,card,32.82,Latte,Night,Wed,Jul,3,7,31-07-2024,21:54:12,21
TXN-01044,card,32.82,Latte,Night,Wed,Jul,3,7,31-07-2024,21:55:17,21
TXN-01045,card,27.92,Americano with Milk,Morning,Thu,Aug,4,8,01-08-2024,07:31:00,7
TXN-01046,card,27.92,Americano with Milk,Morning,Thu,Aug,4,8,01-08-2024,09:25:20,9
TXN-01047,card,27.92,Americano with Milk,Morning,Thu,Aug,4,8,01-08-2024,11:04:14,11
TXN-01048,card,27.92,Americano with Milk,Morning,Thu,Aug,4,8,01-08-2024,11:22:46,11
TXN-01049,card,23.02,Cortado,Afternoon,Thu,Aug,4,8,01-08-2024,13:22:47,13
TXN-01050,card,32.82,Cappuccino,Afternoon,Thu,Aug,4,8,01-08-2024,13:23:37,13
TXN-01051,card,32.82,Cappuccino,Afternoon,Thu,Aug,4,8,01-08-2024,13:49:07,13
TXN-01052,card,27.92,Americano with Milk,Afternoon,Thu,Aug,4,8,01-08-2024,15:43:44,15
TXN-01053,card,27.92,Americano with Milk,Afternoon,Thu,Aug,4,8,01-08-2024,16:24:01,16
TXN-01054,card,23.02,Americano,Afternoon,Thu,Aug,4,8,01-08-2024,16:26:07,16
TXN-01055,card,23.02,Americano,Night,Thu,Aug,4,8,01-08-2024,17:23:35,17
TXN-01056,card,32.82,Cappuccino,Night,Thu,Aug,4,8,01-08-2024,20:41:28,20
TXN-01057,card,27.92,Americano with Milk,Morning,Fri,Aug,5,8,02-08-2024,09:01:54,9
TXN-01058,card,27.92,Americano with Milk,Morning,Fri,Aug,5,8,02-08-2024,09:35:03,9
TXN-01059,card,23.02,Cortado,Morning,Fri,Aug,5,8,02-08-2024,11:09:19,11
TXN-01060,card,27.92,Americano with Milk,Night,Fri,Aug,5,8,02-08-2024,18:08:35,18
TXN-01061,card,32.82,Latte,Night,Fri,Aug,5,8,02-08-2024,21:23:04,21
TXN-01062,card,27.92,Americano with Milk,Morning,Sat,Aug,6,8,03-08-2024,08:53:47,8
TXN-01063,card,27.92,Americano with Milk,Morning,Sat,Aug,6,8,03-08-2024,09:37:19,9
TXN-01064,card,27.92,Americano with Milk,Morning,Sat,Aug,6,8,03-08-2024,09:38:41,9
TXN-01065,card,27.92,Americano with Milk,Morning,Sat,Aug,6,8,03-08-2024,10:12:26,10
TXN-01066,card,23.02,Cortado,Morning,Sat,Aug,6,8,03-08-2024,11:20:27,11
TXN-01067,card,23.02,Cortado,Morning,Sat,Aug,6,8,03-08-2024,11:21:22,11
TXN-01068,card,18.12,Espresso,Morning,Sat,Aug,6,8,03-08-2024,11:56:37,11
TXN-01069,card,27.92,Americano with Milk,Morning,Sat,Aug,6,8,03-08-2024,11:57:31,11
TXN-01070,card,27.92,Americano with Milk,Afternoon,Sat,Aug,6,8,03-08-2024,12:03:36,12
TXN-01071,card,27.92,Americano with Milk,Afternoon,Sat,Aug,6,8,03-08-2024,16:54:00,16
TXN-01072,card,32.82,Cappuccino,Night,Sat,Aug,6,8,03-08-2024,18:38:42,18
TXN-01073,card,32.82,Latte,Night,Sat,Aug,6,8,03-08-2024,21:30:49,21
TXN-01074,card,32.82,Latte,Night,Sat,Aug,6,8,03-08-2024,21:33:06,21
TXN-01075,card,32.82,Cappuccino,Morning,Sun,Aug,7,8,04-08-2024,08:18:37,8
TXN-01076,card,27.92,Americano with Milk,Morning,Sun,Aug,7,8,04-08-2024,10:37:51,10
TXN-01077,card,32.82,Cappuccino,Morning,Sun,Aug,7,8,04-08-2024,11:50:55,11
TXN-01078,card,27.92,Americano with Milk,Morning,Sun,Aug,7,8,04-08-2024,11:52:33,11
TXN-01079,card,32.82,Cappuccino,Afternoon,Sun,Aug,7,8,04-08-2024,15:33:52,15
TXN-01080,card,32.82,Cappuccino,Afternoon,Sun,Aug,7,8,04-08-2024,15:35:06,15
TXN-01081,card,23.02,Cortado,Morning,Mon,Aug,1,8,05-08-2024,08:50:06,8
TXN-01082,card,27.92,Americano with Milk,Morning,Mon,Aug,1,8,05-08-2024,09:19:19,9
TXN-01083,card,23.02,Cortado,Morning,Mon,Aug,1,8,05-08-2024,11:20:47,11
TXN-01084,card,32.82,Cappuccino,Afternoon,Mon,Aug,1,8,05-08-2024,13:45:22,13
TXN-01085,card,32.82,Latte,Afternoon,Mon,Aug,1,8,05-08-2024,16:05:58,16
TXN-01086,card,32.82,Latte,Afternoon,Mon,Aug,1,8,05-08-2024,16:07:19,16
TXN-01087,card,32.82,Latte,Night,Mon,Aug,1,8,05-08-2024,17:44:25,17
TXN-01088,card,27.92,Americano with Milk,Night,Mon,Aug,1,8,05-08-2024,17:45:32,17
TXN-01089,card,32.82,Latte,Night,Mon,Aug,1,8,05-08-2024,19:20:03,19
TXN-01090,card,32.82,Latte,Night,Mon,Aug,1,8,05-08-2024,19:34:51,19
TXN-01091,card,32.82,Cocoa,Night,Mon,Aug,1,8,05-08-2024,20:49:31,20
TXN-01092,card,32.82,Cocoa,Night,Mon,Aug,1,8,05-08-2024,20:50:22,20
TXN-01093,card,27.92,Americano with Milk,Night,Mon,Aug,1,8,05-08-2024,22:43:48,22
TXN-01094,card,23.02,Cortado,Morning,Tue,Aug,2,8,06-08-2024,10:21:03,10
TXN-01095,card,32.82,Hot Chocolate,Morning,Tue,Aug,2,8,06-08-2024,10:32:32,10
TXN-01096,card,32.82,Cappuccino,Night,Tue,Aug,2,8,06-08-2024,17:40:49,17
TXN-01097,card,32.82,Latte,Night,Tue,Aug,2,8,06-08-2024,17:42:53,17
TXN-01098,card,32.82,Cocoa,Night,Tue,Aug,2,8,06-08-2024,17:44:05,17
TXN-01099,card,32.82,Latte,Night,Tue,Aug,2,8,06-08-2024,19:04:05,19
TXN-01100,card,27.92,Americano with Milk,Night,Tue,Aug,2,8,06-08-2024,19:05:23,19
TXN-01101,card,32.82,Latte,Night,Tue,Aug,2,8,06-08-2024,20:04:27,20
TXN-01102,card,27.92,Americano with Milk,Morning,Wed,Aug,3,8,07-08-2024,08:55:48,8
TXN-01103,card,23.02,Americano,Afternoon,Wed,Aug,3,8,07-08-2024,12:12:27,12
TXN-01104,card,23.02,Americano,Afternoon,Wed,Aug,3,8,07-08-2024,12:13:41,12
TXN-01105,card,18.12,Espresso,Afternoon,Wed,Aug,3,8,07-08-2024,13:11:16,13
TXN-01106,card,23.02,Americano,Afternoon,Wed,Aug,3,8,07-08-2024,16:19:02,16
TXN-01107,card,32.82,Latte,Night,Wed,Aug,3,8,07-08-2024,19:36:23,19
TXN-01108,card,32.82,Cocoa,Night,Wed,Aug,3,8,07-08-2024,20:40:09,20
TXN-01109,card,32.82,Cappuccino,Night,Wed,Aug,3,8,07-08-2024,21:18:12,21
TXN-01110,card,32.82,Latte,Night,Wed,Aug,3,8,07-08-2024,22:28:57,22
TXN-01111,card,32.82,Latte,Night,Wed,Aug,3,8,07-08-2024,22:32:16,22
TXN-01112,card,18.12,Espresso,Morning,Thu,Aug,4,8,08-08-2024,08:46:36,8
TXN-01113,card,23.02,Cortado,Morning,Thu,Aug,4,8,08-08-2024,08:47:29,8
TXN-01114,card,27.92,Americano with Milk,Afternoon,Thu,Aug,4,8,08-08-2024,12:27:05,12
TXN-01115,card,23.02,Cortado,Afternoon,Thu,Aug,4,8,08-08-2024,12:43:20,12
TXN-01116,card,23.02,Cortado,Afternoon,Thu,Aug,4,8,08-08-2024,12:44:15,12
TXN-01117,card,32.82,Cappuccino,Afternoon,Thu,Aug,4,8,08-08-2024,16:57:53,16
TXN-01118,card,32.82,Cappuccino,Night,Thu,Aug,4,8,08-08-2024,17:17:52,17
TXN-01119,card,27.92,Americano with Milk,Night,Thu,Aug,4,8,08-08-2024,21:25:59,21
TXN-01120,card,32.82,Latte,Morning,Fri,Aug,5,8,09-08-2024,07:35:22,7
TXN-01121,card,23.02,Americano,Morning,Fri,Aug,5,8,09-08-2024,09:53:35,9
TXN-01122,card,23.02,Cortado,Morning,Fri,Aug,5,8,09-08-2024,10:13:08,10
TXN-01123,card,27.92,Americano with Milk,Morning,Fri,Aug,5,8,09-08-2024,10:26:47,10
TXN-01124,card,32.82,Latte,Morning,Fri,Aug,5,8,09-08-2024,11:28:09,11
TXN-01125,card,23.02,Americano,Morning,Fri,Aug,5,8,09-08-2024,11:29:49,11
TXN-01126,card,23.02,Americano,Night,Fri,Aug,5,8,09-08-2024,18:56:28,18
TXN-01127,card,32.82,Hot Chocolate,Night,Fri,Aug,5,8,09-08-2024,19:03:07,19
TXN-01128,card,32.82,Cappuccino,Morning,Sat,Aug,6,8,10-08-2024,08:36:45,8
TXN-01129,card,27.92,Americano with Milk,Morning,Sat,Aug,6,8,10-08-2024,08:37:57,8
TXN-01130,card,23.02,Cortado,Morning,Sat,Aug,6,8,10-08-2024,08:45:09,8
TXN-01131,card,23.02,Cortado,Morning,Sat,Aug,6,8,10-08-2024,11:52:34,11
TXN-01132,card,23.02,Americano,Morning,Sat,Aug,6,8,10-08-2024,11:54:24,11
TXN-01133,card,32.82,Latte,Afternoon,Sat,Aug,6,8,10-08-2024,12:15:11,12
TXN-01134,card,27.92,Americano with Milk,Afternoon,Sat,Aug,6,8,10-08-2024,12:33:12,12
TXN-01135,card,32.82,Latte,Afternoon,Sat,Aug,6,8,10-08-2024,16:06:12,16
TXN-01136,card,32.82,Cocoa,Night,Sat,Aug,6,8,10-08-2024,21:16:49,21
TXN-01137,card,32.82,Cocoa,Night,Sat,Aug,6,8,10-08-2024,21:17:41,21
TXN-01138,card,32.82,Cocoa,Night,Sat,Aug,6,8,10-08-2024,21:37:42,21
TXN-01139,card,32.82,Latte,Morning,Sun,Aug,7,8,11-08-2024,09:52:37,9
TXN-01140,card,32.82,Latte,Morning,Sun,Aug,7,8,11-08-2024,09:53:44,9
TXN-01141,card,27.92,Americano with Milk,Morning,Sun,Aug,7,8,11-08-2024,10:17:24,10
TXN-01142,card,32.82,Cappuccino,Morning,Sun,Aug,7,8,11-08-2024,11:56:41,11
TXN-01143,card,27.92,Americano with Milk,Morning,Sun,Aug,7,8,11-08-2024,11:57:41,11
TXN-01144,card,23.02,Cortado,Afternoon,Sun,Aug,7,8,11-08-2024,12:20:20,12
TXN-01145,card,32.82,Latte,Afternoon,Sun,Aug,7,8,11-08-2024,15:53:52,15
TXN-01146,card,27.92,Americano with Milk,Afternoon,Sun,Aug,7,8,11-08-2024,15:55:15,15
TXN-01147,card,32.82,Cocoa,Afternoon,Sun,Aug,7,8,11-08-2024,15:56:28,15
TXN-01148,card,32.82,Cappuccino,Afternoon,Sun,Aug,7,8,11-08-2024,16:27:35,16
TXN-01149,card,18.12,Espresso,Afternoon,Sun,Aug,7,8,11-08-2024,16:28:38,16
TXN-01150,card,23.02,Cortado,Night,Sun,Aug,7,8,11-08-2024,21:30:33,21
TXN-01151,card,32.82,Latte,Night,Sun,Aug,7,8,11-08-2024,21:41:09,21
TXN-01152,card,32.82,Latte,Night,Sun,Aug,7,8,11-08-2024,21:43:10,21
TXN-01153,card,32.82,Cappuccino,Night,Sun,Aug,7,8,11-08-2024,22:39:30,22
TXN-01154,card,32.82,Hot Chocolate,Morning,Mon,Aug,1,8,12-08-2024,08:26:19,8
TXN-01155,card,27.92,Americano with Milk,Morning,Mon,Aug,1,8,12-08-2024,11:15:05,11
TXN-01156,card,23.02,Americano,Morning,Mon,Aug,1,8,12-08-2024,11:19:30,11
TXN-01157,card,32.82,Latte,Morning,Mon,Aug,1,8,12-08-2024,11:20:24,11
TXN-01158,card,32.82,Latte,Morning,Mon,Aug,1,8,12-08-2024,11:44:28,11
TXN-01159,card,18.12,Espresso,Afternoon,Mon,Aug,1,8,12-08-2024,14:04:03,14
TXN-01160,card,27.92,Americano with Milk,Afternoon,Mon,Aug,1,8,12-08-2024,14:05:07,14
TXN-01161,card,27.92,Americano with Milk,Afternoon,Mon,Aug,1,8,12-08-2024,15:33:33,15
TXN-01162,card,27.92,Americano with Milk,Night,Mon,Aug,1,8,12-08-2024,18:05:05,18
TXN-01163,card,27.92,Americano with Milk,Night,Mon,Aug,1,8,12-08-2024,21:25:49,21
TXN-01164,card,32.82,Latte,Night,Mon,Aug,1,8,12-08-2024,21:37:38,21
TXN-01165,card,32.82,Cappuccino,Night,Mon,Aug,1,8,12-08-2024,22:58:20,22
TXN-01166,card,32.82,Cappuccino,Night,Mon,Aug,1,8,12-08-2024,22:59:19,22
TXN-01167,card,27.92,Americano with Milk,Morning,Tue,Aug,2,8,13-08-2024,08:44:30,8
TXN-01168,card,27.92,Americano with Milk,Morning,Tue,Aug,2,8,13-08-2024,09:14:22,9
TXN-01169,card,27.92,Americano with Milk,Morning,Tue,Aug,2,8,13-08-2024,09:45:56,9
TXN-01170,card,23.02,Cortado,Morning,Tue,Aug,2,8,13-08-2024,10:42:09,10
TXN-01171,card,32.82,Latte,Morning,Tue,Aug,2,8,13-08-2024,11:59:48,11
TXN-01172,card,27.92,Americano with Milk,Afternoon,Tue,Aug,2,8,13-08-2024,13:01:41,13
TXN-01173,card,32.82,Latte,Afternoon,Tue,Aug,2,8,13-08-2024,14:45:40,14
TXN-01174,card,32.82,Cappuccino,Afternoon,Tue,Aug,2,8,13-08-2024,15:47:57,15
TXN-01175,card,27.92,Americano with Milk,Afternoon,Tue,Aug,2,8,13-08-2024,15:55:30,15
TXN-01176,card,32.82,Latte,Night,Tue,Aug,2,8,13-08-2024,20:29:35,20
TXN-01177,card,32.82,Cocoa,Night,Tue,Aug,2,8,13-08-2024,20:30:37,20
TXN-01178,card,32.82,Cappuccino,Night,Tue,Aug,2,8,13-08-2024,20:44:23,20
TXN-01179,card,23.02,Cortado,Night,Tue,Aug,2,8,13-08-2024,21:00:45,21
TXN-01180,card,32.82,Latte,Morning,Wed,Aug,3,8,14-08-2024,07:35:48,7
TXN-01181,card,32.82,Cappuccino,Morning,Wed,Aug,3,8,14-08-2024,07:36:56,7
TXN-01182,card,23.02,Cortado,Morning,Wed,Aug,3,8,14-08-2024,10:09:29,10
TXN-01183,card,18.12,Espresso,Morning,Wed,Aug,3,8,14-08-2024,11:39:08,11
TXN-01184,card,23.02,Americano,Afternoon,Wed,Aug,3,8,14-08-2024,12:49:17,12
TXN-01185,card,23.02,Americano,Afternoon,Wed,Aug,3,8,14-08-2024,12:51:05,12
TXN-01186,card,32.82,Latte,Afternoon,Wed,Aug,3,8,14-08-2024,15:21:27,15
TXN-01187,card,23.02,Americano,Night,Wed,Aug,3,8,14-08-2024,17:24:23,17
TXN-01188,card,23.02,Cortado,Night,Wed,Aug,3,8,14-08-2024,18:10:04,18
TXN-01189,card,27.92,Americano with Milk,Night,Wed,Aug,3,8,14-08-2024,18:59:18,18
TXN-01190,card,32.82,Latte,Night,Wed,Aug,3,8,14-08-2024,19:34:52,19
TXN-01191,card,23.02,Cortado,Night,Wed,Aug,3,8,14-08-2024,19:35:49,19
TXN-01192,card,32.82,Latte,Night,Wed,Aug,3,8,14-08-2024,21:41:33,21
TXN-01193,card,23.02,Cortado,Morning,Thu,Aug,4,8,15-08-2024,09:36:11,9
TXN-01194,card,32.82,Cappuccino,Morning,Thu,Aug,4,8,15-08-2024,09:37:02,9
TXN-01195,card,32.82,Hot Chocolate,Morning,Thu,Aug,4,8,15-08-2024,09:38:05,9
TXN-01196,card,32.82,Latte,Morning,Thu,Aug,4,8,15-08-2024,09:38:50,9
TXN-01197,card,32.82,Latte,Afternoon,Thu,Aug,4,8,15-08-2024,12:38:38,12
TXN-01198,card,32.82,Latte,Afternoon,Thu,Aug,4,8,15-08-2024,13:48:14,13
TXN-01199,card,23.02,Americano,Afternoon,Thu,Aug,4,8,15-08-2024,14:17:48,14
TXN-01200,card,18.12,Espresso,Afternoon,Thu,Aug,4,8,15-08-2024,14:18:51,14
TXN-01201,card,27.92,Americano with Milk,Night,Thu,Aug,4,8,15-08-2024,17:53:52,17
TXN-01202,card,32.82,Hot Chocolate,Night,Thu,Aug,4,8,15-08-2024,19:10:58,19
TXN-01203,card,27.92,Americano with Milk,Night,Thu,Aug,4,8,15-08-2024,19:11:54,19
TXN-01204,card,27.92,Americano with Milk,Night,Thu,Aug,4,8,15-08-2024,19:41:30,19
TXN-01205,card,23.02,Americano,Night,Thu,Aug,4,8,15-08-2024,19:42:38,19
TXN-01206,card,32.82,Cappuccino,Night,Thu,Aug,4,8,15-08-2024,20:40:42,20
TXN-01207,card,18.12,Espresso,Night,Thu,Aug,4,8,15-08-2024,21:35:20,21
TXN-01208,card,27.92,Americano with Milk,Night,Thu,Aug,4,8,15-08-2024,21:36:11,21
TXN-01209,card,32.82,Latte,Afternoon,Fri,Aug,5,8,16-08-2024,12:29:17,12
TXN-01210,card,23.02,Americano,Afternoon,Fri,Aug,5,8,16-08-2024,12:54:17,12
TXN-01211,card,27.92,Americano with Milk,Afternoon,Fri,Aug,5,8,16-08-2024,13:36:13,13
TXN-01212,card,18.12,Espresso,Afternoon,Fri,Aug,5,8,16-08-2024,15:18:52,15
TXN-01213,card,18.12,Espresso,Afternoon,Fri,Aug,5,8,16-08-2024,15:19:39,15
TXN-01214,card,27.92,Americano with Milk,Morning,Sat,Aug,6,8,17-08-2024,09:16:53,9
TXN-01215,card,32.82,Cappuccino,Morning,Sat,Aug,6,8,17-08-2024,09:18:09,9
TXN-01216,card,27.92,Americano with Milk,Morning,Sat,Aug,6,8,17-08-2024,10:53:41,10
TXN-01217,card,23.02,Cortado,Morning,Sat,Aug,6,8,17-08-2024,11:58:42,11
TXN-01218,card,23.02,Cortado,Morning,Sat,Aug,6,8,17-08-2024,11:59:28,11
TXN-01219,card,27.92,Americano with Milk,Afternoon,Sat,Aug,6,8,17-08-2024,13:18:40,13
TXN-01220,card,23.02,Cortado,Afternoon,Sat,Aug,6,8,17-08-2024,16:31:55,16
TXN-01221,card,32.82,Latte,Afternoon,Sat,Aug,6,8,17-08-2024,16:33:49,16
TXN-01222,card,32.82,Cappuccino,Night,Sat,Aug,6,8,17-08-2024,18:48:59,18
TXN-01223,card,27.92,Americano with Milk,Night,Sat,Aug,6,8,17-08-2024,21:18:57,21
TXN-01224,card,32.82,Latte,Night,Sat,Aug,6,8,17-08-2024,22:42:39,22
TXN-01225,card,32.82,Cappuccino,Morning,Sun,Aug,7,8,18-08-2024,08:09:43,8
TXN-01226,card,32.82,Cappuccino,Morning,Sun,Aug,7,8,18-08-2024,08:32:06,8
TXN-01227,card,23.02,Cortado,Morning,Sun,Aug,7,8,18-08-2024,08:41:06,8
TXN-01228,card,27.92,Americano with Milk,Morning,Sun,Aug,7,8,18-08-2024,08:56:01,8
TXN-01229,card,32.82,Cappuccino,Afternoon,Sun,Aug,7,8,18-08-2024,12:31:41,12
TXN-01230,card,27.92,Americano with Milk,Afternoon,Sun,Aug,7,8,18-08-2024,14:30:22,14
TXN-01231,card,27.92,Americano with Milk,Night,Sun,Aug,7,8,18-08-2024,18:24:11,18
TXN-01232,card,27.92,Americano with Milk,Night,Sun,Aug,7,8,18-08-2024,18:26:04,18
TXN-01233,card,23.02,Americano,Night,Sun,Aug,7,8,18-08-2024,18:27:18,18
TXN-01234,card,23.02,Americano,Night,Sun,Aug,7,8,18-08-2024,18:28:13,18
TXN-01235,card,27.92,Americano with Milk,Afternoon,Mon,Aug,1,8,19-08-2024,15:09:49,15
TXN-01236,card,27.92,Americano with Milk,Afternoon,Mon,Aug,1,8,19-08-2024,15:10:51,15
TXN-01237,card,32.82,Latte,Night,Mon,Aug,1,8,19-08-2024,21:21:12,21
TXN-01238,card,32.82,Cocoa,Night,Mon,Aug,1,8,19-08-2024,21:31:57,21
TXN-01239,card,23.02,Cortado,Morning,Tue,Aug,2,8,20-08-2024,08:27:16,8
TXN-01240,card,32.82,Latte,Morning,Tue,Aug,2,8,20-08-2024,08:29:15,8
TXN-01241,card,18.12,Espresso,Morning,Tue,Aug,2,8,20-08-2024,08:49:47,8
TXN-01242,card,23.02,Cortado,Morning,Tue,Aug,2,8,20-08-2024,08:50:36,8
TXN-01243,card,27.92,Americano with Milk,Morning,Tue,Aug,2,8,20-08-2024,09:14:55,9
TXN-01244,card,23.02,Americano,Morning,Tue,Aug,2,8,20-08-2024,11:09:56,11
TXN-01245,card,23.02,Americano,Morning,Tue,Aug,2,8,20-08-2024,11:11:39,11
TXN-01246,card,23.02,Americano,Morning,Tue,Aug,2,8,20-08-2024,11:12:31,11
TXN-01247,card,32.82,Latte,Morning,Tue,Aug,2,8,20-08-2024,11:42:20,11
TXN-01248,card,32.82,Latte,Night,Tue,Aug,2,8,20-08-2024,20:42:41,20
TXN-01249,card,32.82,Latte,Night,Tue,Aug,2,8,20-08-2024,20:44:15,20
TXN-01250,card,32.82,Latte,Night,Tue,Aug,2,8,20-08-2024,20:45:12,20
TXN-01251,card,32.82,Latte,Night,Tue,Aug,2,8,20-08-2024,20:46:04,20
TXN-01252,card,27.92,Americano with Milk,Morning,Wed,Aug,3,8,21-08-2024,07:59:13,7
TXN-01253,card,23.02,Cortado,Morning,Wed,Aug,3,8,21-08-2024,08:40:27,8
TXN-01254,card,23.02,Americano,Morning,Wed,Aug,3,8,21-08-2024,10:13:32,10
TXN-01255,card,27.92,Americano with Milk,Morning,Wed,Aug,3,8,21-08-2024,10:38:45,10
TXN-01256,card,23.02,Cortado,Morning,Wed,Aug,3,8,21-08-2024,11:51:41,11
TXN-01257,card,32.82,Latte,Afternoon,Wed,Aug,3,8,21-08-2024,13:17:11,13
TXN-01258,card,32.82,Latte,Night,Wed,Aug,3,8,21-08-2024,19:42:04,19
TXN-01259,card,23.02,Cortado,Morning,Thu,Aug,4,8,22-08-2024,09:22:26,9
TXN-01260,card,27.92,Americano with Milk,Morning,Thu,Aug,4,8,22-08-2024,10:09:23,10
TXN-01261,card,27.92,Americano with Milk,Morning,Thu,Aug,4,8,22-08-2024,10:47:59,10
TXN-01262,card,32.82,Latte,Afternoon,Thu,Aug,4,8,22-08-2024,14:16:12,14
TXN-01263,card,32.82,Latte,Afternoon,Thu,Aug,4,8,22-08-2024,14:26:58,14
TXN-01264,card,32.82,Cappuccino,Afternoon,Thu,Aug,4,8,22-08-2024,15:07:07,15
TXN-01265,card,23.02,Americano,Afternoon,Thu,Aug,4,8,22-08-2024,15:27:27,15
TXN-01266,card,32.82,Latte,Morning,Fri,Aug,5,8,23-08-2024,07:43:16,7
TXN-01267,card,23.02,Cortado,Morning,Fri,Aug,5,8,23-08-2024,08:21:48,8
TXN-01268,card,32.82,Latte,Morning,Fri,Aug,5,8,23-08-2024,08:22:57,8
TXN-01269,card,23.02,Americano,Morning,Fri,Aug,5,8,23-08-2024,08:33:39,8
TXN-01270,card,23.02,Americano,Morning,Fri,Aug,5,8,23-08-2024,08:34:35,8
TXN-01271,card,27.92,Americano with Milk,Morning,Fri,Aug,5,8,23-08-2024,09:14:52,9
TXN-01272,card,32.82,Cocoa,Morning,Fri,Aug,5,8,23-08-2024,10:10:59,10
TXN-01273,card,23.02,Americano,Morning,Fri,Aug,5,8,23-08-2024,10:11:55,10
TXN-01274,card,23.02,Cortado,Morning,Fri,Aug,5,8,23-08-2024,10:39:12,10
TXN-01275,card,32.82,Hot Chocolate,Morning,Fri,Aug,5,8,23-08-2024,11:12:59,11
TXN-01276,card,23.02,Americano,Afternoon,Fri,Aug,5,8,23-08-2024,13:24:55,13
TXN-01277,card,23.02,Americano,Afternoon,Fri,Aug,5,8,23-08-2024,15:28:53,15
TXN-01278,card,32.82,Latte,Night,Fri,Aug,5,8,23-08-2024,19:48:03,19
TXN-01279,card,23.02,Cortado,Morning,Sat,Aug,6,8,24-08-2024,08:13:42,8
TXN-01280,card,23.02,Cortado,Morning,Sat,Aug,6,8,24-08-2024,08:14:48,8
TXN-01281,card,23.02,Cortado,Morning,Sat,Aug,6,8,24-08-2024,08:44:12,8
TXN-01282,card,18.12,Espresso,Morning,Sat,Aug,6,8,24-08-2024,10:18:09,10
TXN-01283,card,18.12,Espresso,Morning,Sat,Aug,6,8,24-08-2024,10:18:52,10
TXN-01284,card,23.02,Americano,Morning,Sat,Aug,6,8,24-08-2024,10:19:49,10
TXN-01285,card,23.02,Cortado,Morning,Sun,Aug,7,8,25-08-2024,08:14:37,8
TXN-01286,card,23.02,Americano,Morning,Sun,Aug,7,8,25-08-2024,08:26:28,8
TXN-01287,card,23.02,Americano,Morning,Sun,Aug,7,8,25-08-2024,08:27:36,8
TXN-01288,card,32.82,Cappuccino,Morning,Sun,Aug,7,8,25-08-2024,09:24:22,9
TXN-01289,card,32.82,Cappuccino,Afternoon,Sun,Aug,7,8,25-08-2024,12:41:43,12
TXN-01290,card,32.82,Latte,Afternoon,Sun,Aug,7,8,25-08-2024,14:53:03,14
TXN-01291,card,23.02,Cortado,Morning,Mon,Aug,1,8,26-08-2024,08:11:47,8
TXN-01292,card,23.02,Americano,Morning,Mon,Aug,1,8,26-08-2024,08:16:10,8
TXN-01293,card,23.02,Americano,Morning,Mon,Aug,1,8,26-08-2024,08:17:23,8
TXN-01294,card,27.92,Americano with Milk,Morning,Mon,Aug,1,8,26-08-2024,09:21:37,9
TXN-01295,card,32.82,Latte,Morning,Mon,Aug,1,8,26-08-2024,10:37:44,10
TXN-01296,card,32.82,Cappuccino,Morning,Mon,Aug,1,8,26-08-2024,10:38:49,10
TXN-01297,card,23.02,Americano,Afternoon,Mon,Aug,1,8,26-08-2024,12:45:13,12
TXN-01298,card,23.02,Americano,Afternoon,Mon,Aug,1,8,26-08-2024,12:46:24,12
TXN-01299,card,27.92,Americano with Milk,Night,Mon,Aug,1,8,26-08-2024,18:53:28,18
TXN-01300,card,32.82,Latte,Night,Mon,Aug,1,8,26-08-2024,18:54:31,18
TXN-01301,card,27.92,Americano with Milk,Night,Mon,Aug,1,8,26-08-2024,22:55:40,22
TXN-01302,card,32.82,Latte,Morning,Tue,Aug,2,8,27-08-2024,10:04:05,10
TXN-01303,card,27.92,Americano with Milk,Afternoon,Wed,Aug,3,8,28-08-2024,12:08:19,12
TXN-01304,card,32.82,Cappuccino,Afternoon,Wed,Aug,3,8,28-08-2024,12:10:04,12
TXN-01305,card,23.02,Americano,Afternoon,Wed,Aug,3,8,28-08-2024,12:35:07,12
TXN-01306,card,27.92,Americano with Milk,Afternoon,Wed,Aug,3,8,28-08-2024,13:48:35,13
TXN-01307,card,23.02,Americano,Morning,Thu,Aug,4,8,29-08-2024,07:29:30,7
TXN-01308,card,32.82,Latte,Night,Fri,Aug,5,8,30-08-2024,17:13:30,17
TXN-01309,card,27.92,Americano with Milk,Night,Fri,Aug,5,8,30-08-2024,17:14:33,17
TXN-01310,card,27.92,Americano with Milk,Night,Fri,Aug,5,8,30-08-2024,17:15:35,17
TXN-01311,card,23.02,Cortado,Morning,Sat,Aug,6,8,31-08-2024,09:08:32,9
TXN-01312,card,27.92,Americano with Milk,Morning,Sat,Aug,6,8,31-08-2024,10:02:08,10
TXN-01313,card,18.12,Espresso,Morning,Sat,Aug,6,8,31-08-2024,10:22:27,10
TXN-01314,card,27.92,Americano with Milk,Morning,Sat,Aug,6,8,31-08-2024,11:29:55,11
TXN-01315,card,23.02,Cortado,Morning,Sat,Aug,6,8,31-08-2024,11:33:40,11
TXN-01316,card,23.02,Cortado,Morning,Sat,Aug,6,8,31-08-2024,11:34:33,11
TXN-01317,card,23.02,Cortado,Morning,Sun,Sep,7,9,01-09-2024,09:34:15,9
TXN-01318,card,32.82,Cappuccino,Afternoon,Sun,Sep,7,9,01-09-2024,12:11:25,12
TXN-01319,card,27.92,Americano with Milk,Afternoon,Sun,Sep,7,9,01-09-2024,12:30:09,12
TXN-01320,card,23.02,Americano,Afternoon,Sun,Sep,7,9,01-09-2024,12:32:22,12
TXN-01321,card,27.92,Americano with Milk,Afternoon,Sun,Sep,7,9,01-09-2024,12:50:17,12
TXN-01322,card,32.82,Latte,Afternoon,Sun,Sep,7,9,01-09-2024,13:57:34,13
TXN-01323,card,27.92,Americano with Milk,Afternoon,Sun,Sep,7,9,01-09-2024,14:44:04,14
TXN-01324,card,32.82,Latte,Night,Sun,Sep,7,9,01-09-2024,17:20:46,17
TXN-01325,card,32.82,Latte,Night,Sun,Sep,7,9,01-09-2024,17:23:14,17
TXN-01326,card,32.82,Latte,Night,Sun,Sep,7,9,01-09-2024,17:24:50,17
TXN-01327,card,32.82,Latte,Morning,Mon,Sep,1,9,02-09-2024,08:24:40,8
TXN-01328,card,27.92,Americano with Milk,Morning,Mon,Sep,1,9,02-09-2024,08:50:18,8
TXN-01329,card,32.82,Latte,Morning,Mon,Sep,1,9,02-09-2024,08:51:33,8
TXN-01330,card,27.92,Americano with Milk,Afternoon,Mon,Sep,1,9,02-09-2024,14:58:47,14
TXN-01331,card,32.82,Cappuccino,Night,Mon,Sep,1,9,02-09-2024,20:09:44,20
TXN-01332,card,32.82,Cocoa,Night,Mon,Sep,1,9,02-09-2024,20:11:18,20
TXN-01333,card,23.02,Americano,Night,Mon,Sep,1,9,02-09-2024,20:52:32,20
TXN-01334,card,23.02,Americano,Night,Mon,Sep,1,9,02-09-2024,20:53:29,20
TXN-01335,card,32.82,Cocoa,Morning,Tue,Sep,2,9,03-09-2024,08:22:15,8
TXN-01336,card,32.82,Cappuccino,Morning,Tue,Sep,2,9,03-09-2024,08:28:12,8
TXN-01337,card,32.82,Latte,Morning,Tue,Sep,2,9,03-09-2024,08:41:12,8
TXN-01338,card,27.92,Americano with Milk,Morning,Tue,Sep,2,9,03-09-2024,09:03:12,9
TXN-01339,card,32.82,Cappuccino,Morning,Tue,Sep,2,9,03-09-2024,09:04:12,9
TXN-01340,card,32.82,Cocoa,Morning,Tue,Sep,2,9,03-09-2024,09:12:48,9
TXN-01341,card,32.82,Cocoa,Morning,Tue,Sep,2,9,03-09-2024,09:13:34,9
TXN-01342,card,27.92,Americano with Milk,Morning,Tue,Sep,2,9,03-09-2024,09:17:02,9
TXN-01343,card,27.92,Americano with Milk,Morning,Tue,Sep,2,9,03-09-2024,09:20:17,9
TXN-01344,card,32.82,Latte,Morning,Tue,Sep,2,9,03-09-2024,09:37:52,9
TXN-01345,card,32.82,Cocoa,Morning,Tue,Sep,2,9,03-09-2024,09:38:56,9
TXN-01346,card,23.02,Cortado,Afternoon,Tue,Sep,2,9,03-09-2024,12:56:53,12
TXN-01347,card,27.92,Americano with Milk,Afternoon,Tue,Sep,2,9,03-09-2024,14:14:52,14
TXN-01348,card,27.92,Americano with Milk,Afternoon,Tue,Sep,2,9,03-09-2024,14:16:17,14
TXN-01349,card,27.92,Americano with Milk,Night,Tue,Sep,2,9,03-09-2024,18:48:35,18
TXN-01350,card,32.82,Latte,Night,Tue,Sep,2,9,03-09-2024,19:11:12,19
TXN-01351,card,27.92,Americano with Milk,Night,Tue,Sep,2,9,03-09-2024,19:17:14,19
TXN-01352,card,27.92,Americano with Milk,Morning,Wed,Sep,3,9,04-09-2024,11:11:22,11
TXN-01353,card,32.82,Latte,Morning,Wed,Sep,3,9,04-09-2024,11:33:37,11
TXN-01354,card,23.02,Americano,Morning,Wed,Sep,3,9,04-09-2024,11:48:04,11
TXN-01355,card,27.92,Americano with Milk,Morning,Wed,Sep,3,9,04-09-2024,11:55:34,11
TXN-01356,card,32.82,Latte,Afternoon,Wed,Sep,3,9,04-09-2024,12:53:31,12
TXN-01357,card,32.82,Latte,Afternoon,Wed,Sep,3,9,04-09-2024,13:03:51,13
TXN-01358,card,27.92,Americano with Milk,Afternoon,Wed,Sep,3,9,04-09-2024,13:05:16,13
TXN-01359,card,32.82,Cappuccino,Night,Wed,Sep,3,9,04-09-2024,18:03:47,18
TXN-01360,card,27.92,Americano with Milk,Night,Wed,Sep,3,9,04-09-2024,19:41:42,19
TXN-01361,card,32.82,Latte,Night,Wed,Sep,3,9,04-09-2024,21:19:36,21
TXN-01362,card,27.92,Americano with Milk,Morning,Thu,Sep,4,9,05-09-2024,09:31:17,9
TXN-01363,card,27.92,Americano with Milk,Morning,Thu,Sep,4,9,05-09-2024,10:28:56,10
TXN-01364,card,23.02,Americano,Morning,Thu,Sep,4,9,05-09-2024,11:06:31,11
TXN-01365,card,32.82,Latte,Afternoon,Thu,Sep,4,9,05-09-2024,14:00:28,14
TXN-01366,card,32.82,Latte,Afternoon,Thu,Sep,4,9,05-09-2024,15:25:12,15
TXN-01367,card,23.02,Americano,Afternoon,Thu,Sep,4,9,05-09-2024,16:38:50,16
TXN-01368,card,27.92,Americano with Milk,Afternoon,Thu,Sep,4,9,05-09-2024,16:40:00,16
TXN-01369,card,32.82,Cappuccino,Night,Thu,Sep,4,9,05-09-2024,17:04:29,17
TXN-01370,card,32.82,Cappuccino,Night,Thu,Sep,4,9,05-09-2024,17:05:32,17
TXN-01371,card,32.82,Cappuccino,Night,Thu,Sep,4,9,05-09-2024,20:30:15,20
TXN-01372,card,23.02,Americano,Night,Thu,Sep,4,9,05-09-2024,20:54:24,20
TXN-01373,card,32.82,Cappuccino,Night,Thu,Sep,4,9,05-09-2024,20:55:31,20
TXN-01374,card,27.92,Americano with Milk,Night,Thu,Sep,4,9,05-09-2024,21:26:29,21
TXN-01375,card,27.92,Americano with Milk,Night,Thu,Sep,4,9,05-09-2024,21:27:30,21
TXN-01376,card,32.82,Cappuccino,Morning,Fri,Sep,5,9,06-09-2024,08:25:34,8
TXN-01377,card,32.82,Latte,Morning,Fri,Sep,5,9,06-09-2024,08:34:47,8
TXN-01378,card,23.02,Americano,Morning,Fri,Sep,5,9,06-09-2024,08:54:42,8
TXN-01379,card,18.12,Espresso,Morning,Fri,Sep,5,9,06-09-2024,09:50:40,9
TXN-01380,card,32.82,Latte,Morning,Fri,Sep,5,9,06-09-2024,09:51:52,9
TXN-01381,card,32.82,Hot Chocolate,Morning,Fri,Sep,5,9,06-09-2024,10:30:06,10
TXN-01382,card,18.12,Espresso,Morning,Fri,Sep,5,9,06-09-2024,11:23:25,11
TXN-01383,card,18.12,Espresso,Morning,Fri,Sep,5,9,06-09-2024,11:24:29,11
TXN-01384,card,32.82,Latte,Night,Fri,Sep,5,9,06-09-2024,20:00:12,20
TXN-01385,card,32.82,Latte,Night,Fri,Sep,5,9,06-09-2024,21:09:31,21
TXN-01386,card,32.82,Latte,Morning,Sat,Sep,6,9,07-09-2024,08:48:57,8
TXN-01387,card,23.02,Cortado,Morning,Sat,Sep,6,9,07-09-2024,09:52:03,9
TXN-01388,card,23.02,Cortado,Morning,Sat,Sep,6,9,07-09-2024,09:53:04,9
TXN-01389,card,23.02,Cortado,Morning,Sat,Sep,6,9,07-09-2024,09:54:42,9
TXN-01390,card,27.92,Americano with Milk,Morning,Sat,Sep,6,9,07-09-2024,09:57:48,9
TXN-01391,card,27.92,Americano with Milk,Morning,Sat,Sep,6,9,07-09-2024,09:59:02,9
TXN-01392,card,23.02,Cortado,Morning,Sat,Sep,6,9,07-09-2024,10:00:20,10
TXN-01393,card,23.02,Americano,Morning,Sat,Sep,6,9,07-09-2024,10:22:45,10
TXN-01394,card,18.12,Espresso,Morning,Sat,Sep,6,9,07-09-2024,10:37:52,10
TXN-01395,card,18.12,Espresso,Morning,Sat,Sep,6,9,07-09-2024,10:40:13,10
TXN-01396,card,32.82,Latte,Morning,Sat,Sep,6,9,07-09-2024,10:53:32,10
TXN-01397,card,27.92,Americano with Milk,Morning,Sat,Sep,6,9,07-09-2024,11:18:57,11
TXN-01398,card,23.02,Americano,Morning,Sat,Sep,6,9,07-09-2024,11:20:00,11
TXN-01399,card,18.12,Espresso,Morning,Sat,Sep,6,9,07-09-2024,11:20:57,11
TXN-01400,card,32.82,Latte,Afternoon,Sat,Sep,6,9,07-09-2024,15:55:09,15
TXN-01401,card,23.02,Americano,Afternoon,Sat,Sep,6,9,07-09-2024,16:20:01,16
TXN-01402,card,18.12,Espresso,Afternoon,Sat,Sep,6,9,07-09-2024,16:20:59,16
TXN-01403,card,32.82,Cocoa,Night,Sat,Sep,6,9,07-09-2024,19:35:05,19
TXN-01404,card,32.82,Latte,Night,Sat,Sep,6,9,07-09-2024,19:36:05,19
TXN-01405,card,32.82,Latte,Night,Sat,Sep,6,9,07-09-2024,19:37:16,19
TXN-01406,card,32.82,Latte,Night,Sat,Sep,6,9,07-09-2024,20:13:52,20
TXN-01407,card,32.82,Latte,Night,Sat,Sep,6,9,07-09-2024,20:14:59,20
TXN-01408,card,23.02,Cortado,Morning,Sun,Sep,7,9,08-09-2024,08:15:41,8
TXN-01409,card,23.02,Cortado,Morning,Sun,Sep,7,9,08-09-2024,09:18:17,9
TXN-01410,card,23.02,Cortado,Morning,Sun,Sep,7,9,08-09-2024,09:19:12,9
TXN-01411,card,23.02,Cortado,Morning,Sun,Sep,7,9,08-09-2024,10:05:56,10
TXN-01412,card,23.02,Cortado,Afternoon,Sun,Sep,7,9,08-09-2024,12:43:28,12
TXN-01413,card,23.02,Americano,Night,Sun,Sep,7,9,08-09-2024,20:13:33,20
TXN-01414,card,32.82,Latte,Morning,Mon,Sep,1,9,09-09-2024,07:51:14,7
TXN-01415,card,32.82,Cappuccino,Morning,Mon,Sep,1,9,09-09-2024,07:53:52,7
TXN-01416,card,27.92,Americano with Milk,Morning,Mon,Sep,1,9,09-09-2024,07:55:22,7
TXN-01417,card,32.82,Latte,Morning,Mon,Sep,1,9,09-09-2024,07:56:38,7
TXN-01418,card,32.82,Latte,Morning,Mon,Sep,1,9,09-09-2024,09:49:51,9
TXN-01419,card,32.82,Hot Chocolate,Morning,Mon,Sep,1,9,09-09-2024,09:50:52,9
TXN-01420,card,32.82,Latte,Morning,Mon,Sep,1,9,09-09-2024,09:59:11,9
TXN-01421,card,27.92,Americano with Milk,Morning,Mon,Sep,1,9,09-09-2024,11:11:36,11
TXN-01422,card,27.92,Americano with Milk,Morning,Mon,Sep,1,9,09-09-2024,11:12:51,11
TXN-01423,card,32.82,Latte,Morning,Mon,Sep,1,9,09-09-2024,11:29:49,11
TXN-01424,card,18.12,Espresso,Afternoon,Mon,Sep,1,9,09-09-2024,12:07:00,12
TXN-01425,card,32.82,Latte,Afternoon,Mon,Sep,1,9,09-09-2024,15:12:14,15
TXN-01426,card,23.02,Americano,Afternoon,Mon,Sep,1,9,09-09-2024,15:13:25,15
TXN-01427,card,32.82,Latte,Night,Mon,Sep,1,9,09-09-2024,17:24:10,17
TXN-01428,card,32.82,Latte,Night,Mon,Sep,1,9,09-09-2024,18:13:46,18
TXN-01429,card,32.82,Cappuccino,Night,Mon,Sep,1,9,09-09-2024,20:07:36,20
TXN-01430,card,32.82,Latte,Night,Mon,Sep,1,9,09-09-2024,20:13:44,20
TXN-01431,card,32.82,Hot Chocolate,Morning,Tue,Sep,2,9,10-09-2024,08:12:02,8
TXN-01432,card,32.82,Cappuccino,Morning,Tue,Sep,2,9,10-09-2024,09:32:47,9
TXN-01433,card,23.02,Cortado,Afternoon,Tue,Sep,2,9,10-09-2024,15:21:54,15
TXN-01434,card,23.02,Cortado,Afternoon,Tue,Sep,2,9,10-09-2024,15:23:06,15
TXN-01435,card,32.82,Cappuccino,Night,Tue,Sep,2,9,10-09-2024,18:43:42,18
TXN-01436,card,27.92,Americano with Milk,Night,Tue,Sep,2,9,10-09-2024,18:45:23,18
TXN-01437,card,32.82,Latte,Night,Tue,Sep,2,9,10-09-2024,19:02:43,19
TXN-01438,card,32.82,Latte,Night,Tue,Sep,2,9,10-09-2024,19:03:53,19
TXN-01439,card,27.92,Americano with Milk,Night,Tue,Sep,2,9,10-09-2024,21:29:35,21
TXN-01440,card,23.02,Americano,Night,Tue,Sep,2,9,10-09-2024,21:30:27,21
TXN-01441,card,32.82,Latte,Morning,Wed,Sep,3,9,11-09-2024,08:47:22,8
TXN-01442,card,27.92,Americano with Milk,Morning,Wed,Sep,3,9,11-09-2024,09:28:47,9
TXN-01443,card,32.82,Latte,Morning,Wed,Sep,3,9,11-09-2024,10:52:09,10
TXN-01444,card,32.82,Cappuccino,Night,Wed,Sep,3,9,11-09-2024,19:53:13,19
TXN-01445,card,27.92,Americano with Milk,Night,Wed,Sep,3,9,11-09-2024,20:13:15,20
TXN-01446,card,32.82,Latte,Night,Wed,Sep,3,9,11-09-2024,20:14:19,20
TXN-01447,card,32.82,Latte,Night,Wed,Sep,3,9,11-09-2024,20:15:19,20
TXN-01448,card,23.02,Cortado,Night,Wed,Sep,3,9,11-09-2024,21:01:34,21
TXN-01449,card,18.12,Espresso,Morning,Thu,Sep,4,9,12-09-2024,10:57:26,10
TXN-01450,card,27.92,Americano with Milk,Morning,Thu,Sep,4,9,12-09-2024,10:58:20,10
TXN-01451,card,27.92,Americano with Milk,Morning,Thu,Sep,4,9,12-09-2024,11:27:36,11
TXN-01452,card,32.82,Cappuccino,Afternoon,Thu,Sep,4,9,12-09-2024,12:08:22,12
TXN-01453,card,23.02,Cortado,Afternoon,Thu,Sep,4,9,12-09-2024,12:31:07,12
TXN-01454,card,23.02,Cortado,Afternoon,Thu,Sep,4,9,12-09-2024,12:32:23,12
TXN-01455,card,23.02,Cortado,Afternoon,Thu,Sep,4,9,12-09-2024,12:37:20,12
TXN-01456,card,23.02,Cortado,Afternoon,Thu,Sep,4,9,12-09-2024,12:38:10,12
TXN-01457,card,32.82,Latte,Night,Thu,Sep,4,9,12-09-2024,17:01:25,17
TXN-01458,card,23.02,Americano,Night,Thu,Sep,4,9,12-09-2024,21:09:10,21
TXN-01459,card,32.82,Cappuccino,Night,Thu,Sep,4,9,12-09-2024,21:10:21,21
TXN-01460,card,23.02,Cortado,Night,Thu,Sep,4,9,12-09-2024,21:13:17,21
TXN-01461,card,32.82,Latte,Morning,Fri,Sep,5,9,13-09-2024,07:56:54,7
TXN-01462,card,32.82,Latte,Morning,Fri,Sep,5,9,13-09-2024,08:41:03,8
TXN-01463,card,32.82,Latte,Morning,Fri,Sep,5,9,13-09-2024,08:54:16,8
TXN-01464,card,32.82,Latte,Morning,Fri,Sep,5,9,13-09-2024,09:51:19,9
TXN-01465,card,27.92,Americano with Milk,Afternoon,Fri,Sep,5,9,13-09-2024,15:38:19,15
TXN-01466,card,27.92,Americano with Milk,Afternoon,Fri,Sep,5,9,13-09-2024,15:50:54,15
TXN-01467,card,32.82,Cappuccino,Afternoon,Sat,Sep,6,9,14-09-2024,16:29:19,16
TXN-01468,card,32.82,Cappuccino,Afternoon,Sat,Sep,6,9,14-09-2024,16:30:17,16
TXN-01469,card,18.12,Espresso,Morning,Sun,Sep,7,9,15-09-2024,08:42:41,8
TXN-01470,card,27.92,Americano with Milk,Morning,Sun,Sep,7,9,15-09-2024,09:49:39,9
TXN-01471,card,23.02,Americano,Afternoon,Sun,Sep,7,9,15-09-2024,13:49:37,13
TXN-01472,card,23.02,Cortado,Afternoon,Sun,Sep,7,9,15-09-2024,14:36:19,14
TXN-01473,card,23.02,Cortado,Afternoon,Sun,Sep,7,9,15-09-2024,14:37:21,14
TXN-01474,card,32.82,Cappuccino,Afternoon,Sun,Sep,7,9,15-09-2024,14:53:19,14
TXN-01475,card,32.82,Latte,Afternoon,Mon,Sep,1,9,16-09-2024,13:32:23,13
TXN-01476,card,27.92,Americano with Milk,Afternoon,Mon,Sep,1,9,16-09-2024,13:33:37,13
TXN-01477,card,32.82,Latte,Afternoon,Mon,Sep,1,9,16-09-2024,15:23:19,15
TXN-01478,card,27.92,Americano with Milk,Night,Mon,Sep,1,9,16-09-2024,17:16:06,17
TXN-01479,card,32.82,Latte,Night,Mon,Sep,1,9,16-09-2024,17:18:03,17
TXN-01480,card,32.82,Latte,Night,Mon,Sep,1,9,16-09-2024,18:54:45,18
TXN-01481,card,32.82,Latte,Night,Mon,Sep,1,9,16-09-2024,18:56:05,18
TXN-01482,card,27.92,Americano with Milk,Night,Mon,Sep,1,9,16-09-2024,21:10:19,21
TXN-01483,card,32.82,Latte,Night,Mon,Sep,1,9,16-09-2024,21:11:33,21
TXN-01484,card,27.92,Americano with Milk,Night,Mon,Sep,1,9,16-09-2024,21:37:47,21
TXN-01485,card,27.92,Americano with Milk,Night,Mon,Sep,1,9,16-09-2024,21:38:49,21
TXN-01486,card,23.02,Cortado,Morning,Tue,Sep,2,9,17-09-2024,07:54:58,7
TXN-01487,card,32.82,Latte,Morning,Tue,Sep,2,9,17-09-2024,08:09:01,8
TXN-01488,card,27.92,Americano with Milk,Morning,Tue,Sep,2,9,17-09-2024,08:37:38,8
TXN-01489,card,23.02,Cortado,Morning,Tue,Sep,2,9,17-09-2024,08:42:31,8
TXN-01490,card,32.82,Cappuccino,Morning,Tue,Sep,2,9,17-09-2024,09:10:04,9
TXN-01491,card,27.92,Americano with Milk,Morning,Tue,Sep,2,9,17-09-2024,09:11:08,9
TXN-01492,card,27.92,Americano with Milk,Morning,Tue,Sep,2,9,17-09-2024,09:34:57,9
TXN-01493,card,18.12,Espresso,Afternoon,Tue,Sep,2,9,17-09-2024,12:38:34,12
TXN-01494,card,27.92,Americano with Milk,Afternoon,Tue,Sep,2,9,17-09-2024,12:39:34,12
TXN-01495,card,32.82,Latte,Afternoon,Tue,Sep,2,9,17-09-2024,12:44:15,12
TXN-01496,card,27.92,Americano with Milk,Afternoon,Tue,Sep,2,9,17-09-2024,13:54:23,13
TXN-01497,card,23.02,Cortado,Afternoon,Tue,Sep,2,9,17-09-2024,13:55:31,13
TXN-01498,card,32.82,Cappuccino,Afternoon,Tue,Sep,2,9,17-09-2024,16:29:37,16
TXN-01499,card,32.82,Latte,Afternoon,Tue,Sep,2,9,17-09-2024,16:31:01,16
TXN-01500,card,32.82,Hot Chocolate,Night,Tue,Sep,2,9,17-09-2024,18:54:24,18
TXN-01501,card,27.92,Americano with Milk,Night,Tue,Sep,2,9,17-09-2024,19:00:46,19
TXN-01502,card,27.92,Americano with Milk,Night,Tue,Sep,2,9,17-09-2024,19:03:53,19
TXN-01503,card,32.82,Latte,Night,Tue,Sep,2,9,17-09-2024,19:12:48,19
TXN-01504,card,27.92,Americano with Milk,Night,Tue,Sep,2,9,17-09-2024,19:14:00,19
TXN-01505,card,27.92,Americano with Milk,Night,Tue,Sep,2,9,17-09-2024,19:15:00,19
TXN-01506,card,27.92,Americano with Milk,Night,Tue,Sep,2,9,17-09-2024,19:31:57,19
TXN-01507,card,32.82,Hot Chocolate,Night,Tue,Sep,2,9,17-09-2024,22:19:36,22
TXN-01508,card,32.82,Hot Chocolate,Night,Tue,Sep,2,9,17-09-2024,22:20:19,22
TXN-01509,card,32.82,Latte,Afternoon,Wed,Sep,3,9,18-09-2024,14:29:49,14
TXN-01510,card,32.82,Latte,Night,Wed,Sep,3,9,18-09-2024,17:34:20,17
TXN-01511,card,27.92,Americano with Milk,Night,Wed,Sep,3,9,18-09-2024,21:15:39,21
TXN-01512,card,27.92,Americano with Milk,Night,Wed,Sep,3,9,18-09-2024,21:18:22,21
TXN-01513,card,27.92,Americano with Milk,Morning,Thu,Sep,4,9,19-09-2024,08:17:19,8
TXN-01514,card,23.02,Cortado,Morning,Thu,Sep,4,9,19-09-2024,08:30:29,8
TXN-01515,card,32.82,Latte,Morning,Thu,Sep,4,9,19-09-2024,10:01:31,10
TXN-01516,card,23.02,Americano,Afternoon,Thu,Sep,4,9,19-09-2024,12:59:34,12
TXN-01517,card,27.92,Americano with Milk,Afternoon,Thu,Sep,4,9,19-09-2024,13:00:34,13
TXN-01518,card,23.02,Cortado,Afternoon,Thu,Sep,4,9,19-09-2024,13:45:42,13
TXN-01519,card,27.92,Americano with Milk,Morning,Fri,Sep,5,9,20-09-2024,08:34:57,8
TXN-01520,card,27.92,Americano with Milk,Morning,Fri,Sep,5,9,20-09-2024,09:46:15,9
TXN-01521,card,27.92,Americano with Milk,Afternoon,Fri,Sep,5,9,20-09-2024,13:39:55,13
TXN-01522,card,32.82,Latte,Afternoon,Fri,Sep,5,9,20-09-2024,16:03:30,16
TXN-01523,card,23.02,Americano,Night,Fri,Sep,5,9,20-09-2024,20:39:23,20
TXN-01524,card,27.92,Americano with Milk,Night,Fri,Sep,5,9,20-09-2024,21:31:37,21
TXN-01525,card,27.92,Americano with Milk,Night,Fri,Sep,5,9,20-09-2024,21:32:43,21
TXN-01526,card,32.82,Latte,Morning,Sat,Sep,6,9,21-09-2024,11:01:15,11
TXN-01527,card,32.82,Cocoa,Morning,Sat,Sep,6,9,21-09-2024,11:02:14,11
TXN-01528,card,23.02,Cortado,Morning,Sat,Sep,6,9,21-09-2024,11:37:47,11
TXN-01529,card,23.02,Cortado,Morning,Sat,Sep,6,9,21-09-2024,11:38:45,11
TXN-01530,card,32.82,Cappuccino,Afternoon,Sat,Sep,6,9,21-09-2024,15:10:09,15
TXN-01531,card,32.82,Latte,Afternoon,Sat,Sep,6,9,21-09-2024,15:36:14,15
TXN-01532,card,32.82,Latte,Night,Sat,Sep,6,9,21-09-2024,18:16:29,18
TXN-01533,card,32.82,Latte,Night,Sat,Sep,6,9,21-09-2024,18:17:31,18
TXN-01534,card,23.02,Americano,Night,Sat,Sep,6,9,21-09-2024,20:29:43,20
TXN-01535,card,23.02,Americano,Night,Sat,Sep,6,9,21-09-2024,20:30:39,20
TXN-01536,card,32.82,Latte,Night,Sat,Sep,6,9,21-09-2024,20:33:58,20
TXN-01537,card,32.82,Latte,Night,Sat,Sep,6,9,21-09-2024,20:35:30,20
TXN-01538,card,27.92,Americano with Milk,Night,Sat,Sep,6,9,21-09-2024,22:18:46,22
TXN-01539,card,23.02,Americano,Night,Sat,Sep,6,9,21-09-2024,22:19:50,22
TXN-01540,card,23.02,Americano,Night,Sat,Sep,6,9,21-09-2024,22:20:48,22
TXN-01541,card,23.02,Americano,Morning,Sun,Sep,7,9,22-09-2024,08:32:54,8
TXN-01542,card,27.92,Americano with Milk,Morning,Sun,Sep,7,9,22-09-2024,10:12:10,10
TXN-01543,card,32.82,Latte,Morning,Sun,Sep,7,9,22-09-2024,10:13:09,10
TXN-01544,card,23.02,Cortado,Morning,Sun,Sep,7,9,22-09-2024,11:06:26,11
TXN-01545,card,23.02,Cortado,Morning,Sun,Sep,7,9,22-09-2024,11:07:36,11
TXN-01546,card,27.92,Americano with Milk,Morning,Sun,Sep,7,9,22-09-2024,11:52:00,11
TXN-01547,card,23.02,Americano,Morning,Sun,Sep,7,9,22-09-2024,11:55:13,11
TXN-01548,card,27.92,Americano with Milk,Afternoon,Sun,Sep,7,9,22-09-2024,12:07:21,12
TXN-01549,card,27.92,Americano with Milk,Afternoon,Sun,Sep,7,9,22-09-2024,13:28:15,13
TXN-01550,card,27.92,Americano with Milk,Afternoon,Sun,Sep,7,9,22-09-2024,13:29:36,13
TXN-01551,card,27.92,Americano with Milk,Afternoon,Sun,Sep,7,9,22-09-2024,13:33:35,13
TXN-01552,card,32.82,Latte,Afternoon,Sun,Sep,7,9,22-09-2024,15:34:10,15
TXN-01553,card,27.92,Americano with Milk,Afternoon,Sun,Sep,7,9,22-09-2024,15:35:24,15
TXN-01554,card,32.82,Cocoa,Afternoon,Sun,Sep,7,9,22-09-2024,16:25:03,16
TXN-01555,card,32.82,Latte,Night,Sun,Sep,7,9,22-09-2024,20:19:10,20
TXN-01556,card,32.82,Cappuccino,Night,Sun,Sep,7,9,22-09-2024,20:20:36,20
TXN-01557,card,27.92,Americano with Milk,Night,Sun,Sep,7,9,22-09-2024,20:46:26,20
TXN-01558,card,27.92,Americano with Milk,Night,Sun,Sep,7,9,22-09-2024,20:47:35,20
TXN-01559,card,27.92,Americano with Milk,Night,Sun,Sep,7,9,22-09-2024,21:07:05,21
TXN-01560,card,27.92,Americano with Milk,Night,Sun,Sep,7,9,22-09-2024,21:08:15,21
TXN-01561,card,32.82,Hot Chocolate,Night,Sun,Sep,7,9,22-09-2024,21:54:04,21
TXN-01562,card,32.82,Hot Chocolate,Night,Sun,Sep,7,9,22-09-2024,21:54:54,21
TXN-01563,card,23.02,Americano,Night,Sun,Sep,7,9,22-09-2024,22:37:02,22
TXN-01564,card,27.92,Americano with Milk,Night,Sun,Sep,7,9,22-09-2024,22:37:58,22
TXN-01565,card,27.92,Americano with Milk,Morning,Mon,Sep,1,9,23-09-2024,09:03:37,9
TXN-01566,card,23.02,Cortado,Morning,Mon,Sep,1,9,23-09-2024,10:04:17,10
TXN-01567,card,23.02,Americano,Afternoon,Mon,Sep,1,9,23-09-2024,12:11:04,12
TXN-01568,card,27.92,Americano with Milk,Afternoon,Mon,Sep,1,9,23-09-2024,14:08:52,14
TXN-01569,card,32.82,Cappuccino,Night,Mon,Sep,1,9,23-09-2024,17:27:48,17
TXN-01570,card,23.02,Americano,Night,Mon,Sep,1,9,23-09-2024,18:48:30,18
TXN-01571,card,32.82,Latte,Night,Mon,Sep,1,9,23-09-2024,19:47:22,19
TXN-01572,card,32.82,Cappuccino,Night,Mon,Sep,1,9,23-09-2024,20:09:46,20
TXN-01573,card,27.92,Americano with Milk,Night,Mon,Sep,1,9,23-09-2024,22:13:31,22
TXN-01574,card,27.92,Americano with Milk,Night,Mon,Sep,1,9,23-09-2024,22:15:15,22
TXN-01575,card,27.92,Americano with Milk,Morning,Tue,Sep,2,9,24-09-2024,08:33:33,8
TXN-01576,card,32.82,Latte,Afternoon,Tue,Sep,2,9,24-09-2024,12:23:57,12
TXN-01577,card,32.82,Latte,Afternoon,Tue,Sep,2,9,24-09-2024,12:24:55,12
TXN-01578,card,32.82,Latte,Afternoon,Tue,Sep,2,9,24-09-2024,12:46:44,12
TXN-01579,card,32.82,Latte,Afternoon,Tue,Sep,2,9,24-09-2024,12:47:49,12
TXN-01580,card,32.82,Latte,Afternoon,Tue,Sep,2,9,24-09-2024,14:11:39,14
TXN-01581,card,23.02,Cortado,Afternoon,Tue,Sep,2,9,24-09-2024,14:31:29,14
TXN-01582,card,32.82,Cappuccino,Afternoon,Tue,Sep,2,9,24-09-2024,15:37:24,15
TXN-01583,card,32.82,Latte,Afternoon,Tue,Sep,2,9,24-09-2024,16:38:48,16
TXN-01584,card,23.02,Americano,Night,Tue,Sep,2,9,24-09-2024,18:43:03,18
TXN-01585,card,23.02,Americano,Night,Tue,Sep,2,9,24-09-2024,18:43:54,18
TXN-01586,card,32.82,Hot Chocolate,Night,Tue,Sep,2,9,24-09-2024,20:15:50,20
TXN-01587,card,32.82,Latte,Night,Tue,Sep,2,9,24-09-2024,21:05:14,21
TXN-01588,card,27.92,Americano with Milk,Night,Tue,Sep,2,9,24-09-2024,21:06:32,21
TXN-01589,card,27.92,Americano with Milk,Night,Tue,Sep,2,9,24-09-2024,21:07:35,21
TXN-01590,card,32.82,Cappuccino,Morning,Wed,Sep,3,9,25-09-2024,07:51:21,7
TXN-01591,card,23.02,Cortado,Morning,Wed,Sep,3,9,25-09-2024,11:35:33,11
TXN-01592,card,27.92,Americano with Milk,Morning,Wed,Sep,3,9,25-09-2024,11:51:15,11
TXN-01593,card,32.82,Latte,Morning,Wed,Sep,3,9,25-09-2024,11:52:53,11
TXN-01594,card,27.92,Americano with Milk,Afternoon,Wed,Sep,3,9,25-09-2024,13:54:51,13
TXN-01595,card,27.92,Americano with Milk,Afternoon,Wed,Sep,3,9,25-09-2024,13:55:59,13
TXN-01596,card,27.92,Americano with Milk,Night,Wed,Sep,3,9,25-09-2024,17:36:37,17
TXN-01597,card,27.92,Americano with Milk,Night,Wed,Sep,3,9,25-09-2024,17:37:32,17
TXN-01598,card,23.02,Americano,Night,Wed,Sep,3,9,25-09-2024,21:34:41,21
TXN-01599,card,27.92,Americano with Milk,Night,Wed,Sep,3,9,25-09-2024,22:18:52,22
TXN-01600,card,32.82,Latte,Morning,Thu,Sep,4,9,26-09-2024,08:43:35,8
TXN-01601,card,27.92,Americano with Milk,Morning,Thu,Sep,4,9,26-09-2024,10:37:06,10
TXN-01602,card,18.12,Espresso,Morning,Thu,Sep,4,9,26-09-2024,10:55:52,10
TXN-01603,card,32.82,Cappuccino,Morning,Thu,Sep,4,9,26-09-2024,11:34:49,11
TXN-01604,card,32.82,Latte,Afternoon,Thu,Sep,4,9,26-09-2024,12:48:01,12
TXN-01605,card,32.82,Latte,Night,Thu,Sep,4,9,26-09-2024,18:21:56,18
TXN-01606,card,32.82,Latte,Night,Thu,Sep,4,9,26-09-2024,22:45:15,22
TXN-01607,card,23.02,Cortado,Night,Thu,Sep,4,9,26-09-2024,22:46:18,22
TXN-01608,card,27.92,Americano with Milk,Night,Thu,Sep,4,9,26-09-2024,22:47:25,22
TXN-01609,card,27.92,Americano with Milk,Morning,Fri,Sep,5,9,27-09-2024,09:29:46,9
TXN-01610,card,23.02,Cortado,Morning,Fri,Sep,5,9,27-09-2024,09:33:44,9
TXN-01611,card,32.82,Cappuccino,Morning,Fri,Sep,5,9,27-09-2024,09:41:05,9
TXN-01612,card,27.92,Americano with Milk,Morning,Fri,Sep,5,9,27-09-2024,10:46:57,10
TXN-01613,card,27.92,Americano with Milk,Morning,Fri,Sep,5,9,27-09-2024,11:35:00,11
TXN-01614,card,32.82,Cappuccino,Afternoon,Fri,Sep,5,9,27-09-2024,13:20:31,13
TXN-01615,card,32.82,Cappuccino,Afternoon,Fri,Sep,5,9,27-09-2024,13:25:05,13
TXN-01616,card,23.02,Americano,Afternoon,Fri,Sep,5,9,27-09-2024,13:28:33,13
TXN-01617,card,27.92,Americano with Milk,Afternoon,Fri,Sep,5,9,27-09-2024,13:33:52,13
TXN-01618,card,32.82,Latte,Night,Fri,Sep,5,9,27-09-2024,18:07:44,18
TXN-01619,card,32.82,Latte,Night,Fri,Sep,5,9,27-09-2024,18:08:58,18
TXN-01620,card,32.82,Cappuccino,Night,Fri,Sep,5,9,27-09-2024,18:37:46,18
TXN-01621,card,32.82,Cappuccino,Night,Fri,Sep,5,9,27-09-2024,18:40:54,18
TXN-01622,card,32.82,Cappuccino,Night,Fri,Sep,5,9,27-09-2024,20:18:13,20
TXN-01623,card,32.82,Cappuccino,Night,Fri,Sep,5,9,27-09-2024,20:19:14,20
TXN-01624,card,27.92,Americano with Milk,Night,Fri,Sep,5,9,27-09-2024,20:58:15,20
TXN-01625,card,27.92,Americano with Milk,Morning,Sat,Sep,6,9,28-09-2024,08:06:45,8
TXN-01626,card,27.92,Americano with Milk,Morning,Sat,Sep,6,9,28-09-2024,09:31:15,9
TXN-01627,card,35.76,Latte,Afternoon,Sat,Sep,6,9,28-09-2024,14:25:47,14
TXN-01628,card,35.76,Latte,Afternoon,Sat,Sep,6,9,28-09-2024,16:57:20,16
TXN-01629,card,30.86,Americano with Milk,Night,Sat,Sep,6,9,28-09-2024,17:26:17,17
TXN-01630,card,35.76,Latte,Night,Sat,Sep,6,9,28-09-2024,20:34:31,20
TXN-01631,card,35.76,Latte,Night,Sat,Sep,6,9,28-09-2024,20:38:37,20
TXN-01632,card,35.76,Cappuccino,Night,Sat,Sep,6,9,28-09-2024,22:16:37,22
TXN-01633,card,35.76,Cocoa,Night,Sat,Sep,6,9,28-09-2024,22:17:30,22
TXN-01634,card,25.96,Cortado,Night,Sat,Sep,6,9,28-09-2024,22:18:16,22
TXN-01635,card,35.76,Hot Chocolate,Night,Sat,Sep,6,9,28-09-2024,22:19:13,22
TXN-01636,card,25.96,Americano,Morning,Sun,Sep,7,9,29-09-2024,10:48:45,10
TXN-01637,card,35.76,Cappuccino,Morning,Sun,Sep,7,9,29-09-2024,10:50:05,10
TXN-01638,card,35.76,Cappuccino,Morning,Sun,Sep,7,9,29-09-2024,10:51:03,10
TXN-01639,card,35.76,Cappuccino,Morning,Sun,Sep,7,9,29-09-2024,10:52:23,10
TXN-01640,card,30.86,Americano with Milk,Morning,Sun,Sep,7,9,29-09-2024,10:53:42,10
TXN-01641,card,35.76,Latte,Afternoon,Sun,Sep,7,9,29-09-2024,12:35:43,12
TXN-01642,card,25.96,Cortado,Afternoon,Sun,Sep,7,9,29-09-2024,12:50:58,12
TXN-01643,card,35.76,Latte,Afternoon,Sun,Sep,7,9,29-09-2024,12:54:15,12
TXN-01644,card,35.76,Latte,Afternoon,Sun,Sep,7,9,29-09-2024,12:55:22,12
TXN-01645,card,35.76,Cappuccino,Night,Sun,Sep,7,9,29-09-2024,18:02:27,18
TXN-01646,card,35.76,Latte,Night,Sun,Sep,7,9,29-09-2024,22:31:03,22
TXN-01647,card,25.96,Cortado,Morning,Mon,Sep,1,9,30-09-2024,08:08:48,8
TXN-01648,card,25.96,Cortado,Morning,Mon,Sep,1,9,30-09-2024,08:58:55,8
TXN-01649,card,35.76,Hot Chocolate,Morning,Mon,Sep,1,9,30-09-2024,09:00:05,9
TXN-01650,card,30.86,Americano with Milk,Morning,Mon,Sep,1,9,30-09-2024,10:01:09,10
TXN-01651,card,25.96,Cortado,Morning,Mon,Sep,1,9,30-09-2024,10:05:18,10
TXN-01652,card,30.86,Americano with Milk,Morning,Mon,Sep,1,9,30-09-2024,11:32:55,11
TXN-01653,card,30.86,Americano with Milk,Afternoon,Mon,Sep,1,9,30-09-2024,16:45:44,16
TXN-01654,card,35.76,Latte,Night,Mon,Sep,1,9,30-09-2024,19:32:18,19
TXN-01655,card,30.86,Americano with Milk,Night,Mon,Sep,1,9,30-09-2024,19:53:14,19
TXN-01656,card,25.96,Cortado,Night,Mon,Sep,1,9,30-09-2024,19:54:18,19
TXN-01657,card,35.76,Latte,Night,Mon,Sep,1,9,30-09-2024,19:59:19,19
TXN-01658,card,30.86,Americano with Milk,Night,Mon,Sep,1,9,30-09-2024,20:00:42,20
TXN-01659,card,30.86,Americano with Milk,Night,Mon,Sep,1,9,30-09-2024,20:01:42,20
TXN-01660,card,30.86,Americano with Milk,Night,Mon,Sep,1,9,30-09-2024,21:41:08,21
TXN-01661,card,35.76,Latte,Morning,Tue,Oct,2,10,01-10-2024,07:47:08,7
TXN-01662,card,30.86,Americano with Milk,Morning,Tue,Oct,2,10,01-10-2024,09:48:31,9
TXN-01663,card,30.86,Americano with Milk,Morning,Tue,Oct,2,10,01-10-2024,10:02:27,10
TXN-01664,card,30.86,Americano with Milk,Morning,Tue,Oct,2,10,01-10-2024,10:03:47,10
TXN-01665,card,30.86,Americano with Milk,Morning,Tue,Oct,2,10,01-10-2024,11:55:32,11
TXN-01666,card,30.86,Americano with Milk,Afternoon,Tue,Oct,2,10,01-10-2024,12:12:48,12
TXN-01667,card,30.86,Americano with Milk,Afternoon,Tue,Oct,2,10,01-10-2024,12:14:23,12
TXN-01668,card,25.96,Americano,Afternoon,Tue,Oct,2,10,01-10-2024,14:17:35,14
TXN-01669,card,30.86,Americano with Milk,Afternoon,Tue,Oct,2,10,01-10-2024,14:18:53,14
TXN-01670,card,35.76,Hot Chocolate,Afternoon,Tue,Oct,2,10,01-10-2024,16:08:39,16
TXN-01671,card,25.96,Americano,Afternoon,Tue,Oct,2,10,01-10-2024,16:41:54,16
TXN-01672,card,35.76,Latte,Night,Tue,Oct,2,10,01-10-2024,18:08:27,18
TXN-01673,card,35.76,Latte,Night,Tue,Oct,2,10,01-10-2024,18:23:11,18
TXN-01674,card,35.76,Hot Chocolate,Night,Tue,Oct,2,10,01-10-2024,18:24:14,18
TXN-01675,card,35.76,Hot Chocolate,Night,Tue,Oct,2,10,01-10-2024,20:03:22,20
TXN-01676,card,35.76,Latte,Morning,Wed,Oct,3,10,02-10-2024,07:57:19,7
TXN-01677,card,25.96,Cortado,Morning,Wed,Oct,3,10,02-10-2024,08:42:45,8
TXN-01678,card,30.86,Americano with Milk,Morning,Wed,Oct,3,10,02-10-2024,09:19:17,9
TXN-01679,card,35.76,Latte,Morning,Wed,Oct,3,10,02-10-2024,10:22:02,10
TXN-01680,card,30.86,Americano with Milk,Morning,Wed,Oct,3,10,02-10-2024,10:23:55,10
TXN-01681,card,35.76,Cappuccino,Morning,Wed,Oct,3,10,02-10-2024,11:28:54,11
TXN-01682,card,35.76,Cappuccino,Afternoon,Wed,Oct,3,10,02-10-2024,15:13:42,15
TXN-01683,card,35.76,Hot Chocolate,Night,Wed,Oct,3,10,02-10-2024,18:31:07,18
TXN-01684,card,35.76,Hot Chocolate,Night,Wed,Oct,3,10,02-10-2024,22:18:55,22
TXN-01685,card,35.76,Hot Chocolate,Night,Wed,Oct,3,10,02-10-2024,22:19:41,22
TXN-01686,card,35.76,Hot Chocolate,Night,Wed,Oct,3,10,02-10-2024,22:20:24,22
TXN-01687,card,35.76,Cocoa,Afternoon,Thu,Oct,4,10,03-10-2024,13:47:36,13
TXN-01688,card,30.86,Americano with Milk,Afternoon,Thu,Oct,4,10,03-10-2024,15:12:05,15
TXN-01689,card,25.96,Cortado,Night,Thu,Oct,4,10,03-10-2024,20:12:58,20
TXN-01690,card,35.76,Hot Chocolate,Night,Thu,Oct,4,10,03-10-2024,20:14:05,20
TXN-01691,card,35.76,Hot Chocolate,Night,Thu,Oct,4,10,03-10-2024,21:21:06,21
TXN-01692,card,35.76,Hot Chocolate,Night,Thu,Oct,4,10,03-10-2024,21:21:47,21
TXN-01693,card,35.76,Cappuccino,Night,Thu,Oct,4,10,03-10-2024,21:29:03,21
TXN-01694,card,35.76,Hot Chocolate,Night,Thu,Oct,4,10,03-10-2024,21:31:00,21
TXN-01695,card,25.96,Americano,Morning,Fri,Oct,5,10,04-10-2024,08:44:01,8
TXN-01696,card,25.96,Americano,Morning,Fri,Oct,5,10,04-10-2024,08:45:39,8
TXN-01697,card,30.86,Americano with Milk,Morning,Fri,Oct,5,10,04-10-2024,09:30:22,9
TXN-01698,card,25.96,Americano,Morning,Fri,Oct,5,10,04-10-2024,09:31:27,9
TXN-01699,card,25.96,Cortado,Morning,Fri,Oct,5,10,04-10-2024,09:53:59,9
TXN-01700,card,25.96,Cortado,Morning,Fri,Oct,5,10,04-10-2024,09:55:05,9
TXN-01701,card,35.76,Latte,Night,Fri,Oct,5,10,04-10-2024,17:35:15,17
TXN-01702,card,35.76,Hot Chocolate,Night,Fri,Oct,5,10,04-10-2024,17:42:22,17
TXN-01703,card,35.76,Cocoa,Night,Fri,Oct,5,10,04-10-2024,17:44:36,17
TXN-01704,card,25.96,Cortado,Morning,Sat,Oct,6,10,05-10-2024,09:00:47,9
TXN-01705,card,25.96,Cortado,Morning,Sat,Oct,6,10,05-10-2024,09:01:43,9
TXN-01706,card,35.76,Cocoa,Morning,Sat,Oct,6,10,05-10-2024,09:35:45,9
TXN-01707,card,35.76,Cappuccino,Afternoon,Sat,Oct,6,10,05-10-2024,13:12:13,13
TXN-01708,card,25.96,Americano,Night,Sat,Oct,6,10,05-10-2024,20:08:38,20
TXN-01709,card,25.96,Americano,Night,Sat,Oct,6,10,05-10-2024,20:09:34,20
TXN-01710,card,25.96,Cortado,Morning,Sun,Oct,7,10,06-10-2024,08:22:57,8
TXN-01711,card,35.76,Cappuccino,Morning,Sun,Oct,7,10,06-10-2024,10:05:44,10
TXN-01712,card,25.96,Cortado,Morning,Sun,Oct,7,10,06-10-2024,10:06:47,10
TXN-01713,card,35.76,Latte,Morning,Sun,Oct,7,10,06-10-2024,11:55:29,11
TXN-01714,card,35.76,Latte,Afternoon,Sun,Oct,7,10,06-10-2024,12:09:04,12
TXN-01715,card,35.76,Cappuccino,Afternoon,Sun,Oct,7,10,06-10-2024,12:10:17,12
TXN-01716,card,30.86,Americano with Milk,Afternoon,Sun,Oct,7,10,06-10-2024,12:11:43,12
TXN-01717,card,25.96,Americano,Afternoon,Sun,Oct,7,10,06-10-2024,13:46:04,13
TXN-01718,card,35.76,Cappuccino,Afternoon,Sun,Oct,7,10,06-10-2024,13:47:02,13
TXN-01719,card,30.86,Americano with Milk,Afternoon,Sun,Oct,7,10,06-10-2024,13:50:00,13
TXN-01720,card,35.76,Latte,Afternoon,Sun,Oct,7,10,06-10-2024,13:51:04,13
TXN-01721,card,35.76,Cappuccino,Afternoon,Sun,Oct,7,10,06-10-2024,13:51:56,13
TXN-01722,card,35.76,Cappuccino,Afternoon,Sun,Oct,7,10,06-10-2024,16:31:34,16
TXN-01723,card,21.06,Espresso,Afternoon,Sun,Oct,7,10,06-10-2024,16:35:46,16
TXN-01724,card,30.86,Americano with Milk,Night,Sun,Oct,7,10,06-10-2024,18:17:45,18
TXN-01725,card,35.76,Hot Chocolate,Night,Sun,Oct,7,10,06-10-2024,18:35:16,18
TXN-01726,card,35.76,Hot Chocolate,Night,Sun,Oct,7,10,06-10-2024,21:09:13,21
TXN-01727,card,35.76,Hot Chocolate,Night,Sun,Oct,7,10,06-10-2024,21:10:00,21
TXN-01728,card,35.76,Hot Chocolate,Night,Sun,Oct,7,10,06-10-2024,21:10:45,21
TXN-01729,card,35.76,Latte,Night,Sun,Oct,7,10,06-10-2024,21:16:49,21
TXN-01730,card,35.76,Latte,Morning,Mon,Oct,1,10,07-10-2024,08:33:36,8
TXN-01731,card,35.76,Latte,Morning,Mon,Oct,1,10,07-10-2024,08:49:36,8
TXN-01732,card,30.86,Americano with Milk,Morning,Mon,Oct,1,10,07-10-2024,08:50:42,8
TXN-01733,card,35.76,Cocoa,Morning,Mon,Oct,1,10,07-10-2024,09:05:28,9
TXN-01734,card,35.76,Latte,Morning,Mon,Oct,1,10,07-10-2024,09:09:58,9
TXN-01735,card,30.86,Americano with Milk,Afternoon,Mon,Oct,1,10,07-10-2024,12:17:57,12
TXN-01736,card,25.96,Americano,Afternoon,Mon,Oct,1,10,07-10-2024,14:31:45,14
TXN-01737,card,25.96,Americano,Afternoon,Mon,Oct,1,10,07-10-2024,14:32:39,14
TXN-01738,card,35.76,Latte,Night,Mon,Oct,1,10,07-10-2024,17:48:55,17
TXN-01739,card,35.76,Hot Chocolate,Night,Mon,Oct,1,10,07-10-2024,21:14:42,21
TXN-01740,card,35.76,Hot Chocolate,Night,Mon,Oct,1,10,07-10-2024,21:15:20,21
TXN-01741,card,35.76,Latte,Night,Mon,Oct,1,10,07-10-2024,21:40:49,21
TXN-01742,card,35.76,Latte,Morning,Tue,Oct,2,10,08-10-2024,08:11:51,8
TXN-01743,card,30.86,Americano with Milk,Morning,Tue,Oct,2,10,08-10-2024,09:05:14,9
TXN-01744,card,25.96,Americano,Morning,Tue,Oct,2,10,08-10-2024,10:22:31,10
TXN-01745,card,35.76,Latte,Morning,Tue,Oct,2,10,08-10-2024,10:27:09,10
TXN-01746,card,35.76,Latte,Morning,Tue,Oct,2,10,08-10-2024,11:30:10,11
TXN-01747,card,25.96,Americano,Afternoon,Tue,Oct,2,10,08-10-2024,12:48:05,12
TXN-01748,card,25.96,Americano,Afternoon,Tue,Oct,2,10,08-10-2024,12:49:05,12
TXN-01749,card,35.76,Latte,Afternoon,Tue,Oct,2,10,08-10-2024,13:04:01,13
TXN-01750,card,35.76,Latte,Afternoon,Tue,Oct,2,10,08-10-2024,13:04:59,13
TXN-01751,card,35.76,Latte,Afternoon,Tue,Oct,2,10,08-10-2024,14:42:52,14
TXN-01752,card,35.76,Latte,Afternoon,Tue,Oct,2,10,08-10-2024,15:13:41,15
TXN-01753,card,25.96,Americano,Afternoon,Tue,Oct,2,10,08-10-2024,15:19:52,15
TXN-01754,card,30.86,Americano with Milk,Afternoon,Tue,Oct,2,10,08-10-2024,15:50:43,15
TXN-01755,card,35.76,Hot Chocolate,Night,Tue,Oct,2,10,08-10-2024,20:40:40,20
TXN-01756,card,35.76,Cappuccino,Night,Tue,Oct,2,10,08-10-2024,20:41:33,20
TXN-01757,card,35.76,Latte,Night,Tue,Oct,2,10,08-10-2024,20:51:09,20
TXN-01758,card,30.86,Americano with Milk,Night,Tue,Oct,2,10,08-10-2024,21:24:32,21
TXN-01759,card,30.86,Americano with Milk,Night,Tue,Oct,2,10,08-10-2024,21:25:32,21
TXN-01760,card,35.76,Latte,Morning,Wed,Oct,3,10,09-10-2024,07:54:43,7
TXN-01761,card,30.86,Americano with Milk,Morning,Wed,Oct,3,10,09-10-2024,08:25:58,8
TXN-01762,card,30.86,Americano with Milk,Morning,Wed,Oct,3,10,09-10-2024,09:43:21,9
TXN-01763,card,35.76,Latte,Morning,Wed,Oct,3,10,09-10-2024,09:59:40,9
TXN-01764,card,21.06,Espresso,Morning,Wed,Oct,3,10,09-10-2024,10:37:57,10
TXN-01765,card,25.96,Americano,Morning,Wed,Oct,3,10,09-10-2024,11:18:02,11
TXN-01766,card,35.76,Latte,Afternoon,Wed,Oct,3,10,09-10-2024,13:03:09,13
TXN-01767,card,30.86,Americano with Milk,Afternoon,Wed,Oct,3,10,09-10-2024,13:52:35,13
TXN-01768,card,35.76,Cappuccino,Night,Wed,Oct,3,10,09-10-2024,17:26:44,17
TXN-01769,card,25.96,Americano,Night,Wed,Oct,3,10,09-10-2024,17:27:49,17
TXN-01770,card,21.06,Espresso,Night,Wed,Oct,3,10,09-10-2024,17:50:00,17
TXN-01771,card,35.76,Cappuccino,Night,Wed,Oct,3,10,09-10-2024,20:49:13,20
TXN-01772,card,25.96,Americano,Morning,Thu,Oct,4,10,10-10-2024,08:48:07,8
TXN-01773,card,30.86,Americano with Milk,Morning,Thu,Oct,4,10,10-10-2024,09:23:20,9
TXN-01774,card,35.76,Hot Chocolate,Morning,Thu,Oct,4,10,10-10-2024,09:51:44,9
TXN-01775,card,35.76,Latte,Morning,Thu,Oct,4,10,10-10-2024,10:05:09,10
TXN-01776,card,25.96,Cortado,Morning,Thu,Oct,4,10,10-10-2024,10:42:43,10
TXN-01777,card,25.96,Cortado,Morning,Thu,Oct,4,10,10-10-2024,10:43:30,10
TXN-01778,card,35.76,Latte,Morning,Thu,Oct,4,10,10-10-2024,10:55:33,10
TXN-01779,card,35.76,Latte,Morning,Thu,Oct,4,10,10-10-2024,11:04:19,11
TXN-01780,card,35.76,Cappuccino,Afternoon,Thu,Oct,4,10,10-10-2024,15:05:43,15
TXN-01781,card,35.76,Latte,Night,Thu,Oct,4,10,10-10-2024,17:40:44,17
TXN-01782,card,25.96,Americano,Night,Thu,Oct,4,10,10-10-2024,18:18:33,18
TXN-01783,card,30.86,Americano with Milk,Night,Thu,Oct,4,10,10-10-2024,18:56:31,18
TXN-01784,card,35.76,Latte,Night,Thu,Oct,4,10,10-10-2024,18:57:35,18
TXN-01785,card,35.76,Hot Chocolate,Night,Thu,Oct,4,10,10-10-2024,22:33:17,22
TXN-01786,card,35.76,Hot Chocolate,Night,Thu,Oct,4,10,10-10-2024,22:34:00,22
TXN-01787,card,30.86,Americano with Milk,Morning,Fri,Oct,5,10,11-10-2024,07:54:52,7
TXN-01788,card,35.76,Latte,Morning,Fri,Oct,5,10,11-10-2024,08:00:51,8
TXN-01789,card,25.96,Cortado,Morning,Fri,Oct,5,10,11-10-2024,08:12:20,8
TXN-01790,card,35.76,Latte,Morning,Fri,Oct,5,10,11-10-2024,08:28:19,8
TXN-01791,card,35.76,Cocoa,Morning,Fri,Oct,5,10,11-10-2024,08:29:22,8
TXN-01792,card,35.76,Cocoa,Morning,Fri,Oct,5,10,11-10-2024,08:55:44,8
TXN-01793,card,30.86,Americano with Milk,Morning,Fri,Oct,5,10,11-10-2024,08:56:59,8
TXN-01794,card,35.76,Hot Chocolate,Morning,Fri,Oct,5,10,11-10-2024,08:58:09,8
TXN-01795,card,30.86,Americano with Milk,Morning,Fri,Oct,5,10,11-10-2024,09:31:42,9
TXN-01796,card,25.96,Cortado,Morning,Fri,Oct,5,10,11-10-2024,09:38:47,9
TXN-01797,card,25.96,Americano,Morning,Fri,Oct,5,10,11-10-2024,10:00:40,10
TXN-01798,card,25.96,Americano,Morning,Fri,Oct,5,10,11-10-2024,10:01:55,10
TXN-01799,card,30.86,Americano with Milk,Morning,Fri,Oct,5,10,11-10-2024,10:30:36,10
TXN-01800,card,35.76,Latte,Afternoon,Fri,Oct,5,10,11-10-2024,13:05:01,13
TXN-01801,card,25.96,Americano,Afternoon,Fri,Oct,5,10,11-10-2024,13:29:02,13
TXN-01802,card,25.96,Americano,Afternoon,Fri,Oct,5,10,11-10-2024,13:30:09,13
TXN-01803,card,35.76,Cocoa,Afternoon,Fri,Oct,5,10,11-10-2024,14:33:41,14
TXN-01804,card,25.96,Americano,Afternoon,Fri,Oct,5,10,11-10-2024,14:35:29,14
TXN-01805,card,35.76,Cappuccino,Afternoon,Fri,Oct,5,10,11-10-2024,14:50:09,14
TXN-01806,card,35.76,Latte,Night,Fri,Oct,5,10,11-10-2024,17:12:07,17
TXN-01807,card,35.76,Hot Chocolate,Night,Fri,Oct,5,10,11-10-2024,17:13:22,17
TXN-01808,card,35.76,Hot Chocolate,Night,Fri,Oct,5,10,11-10-2024,17:26:11,17
TXN-01809,card,35.76,Latte,Night,Fri,Oct,5,10,11-10-2024,21:48:38,21
TXN-01810,card,30.86,Americano with Milk,Night,Fri,Oct,5,10,11-10-2024,21:53:54,21
TXN-01811,card,35.76,Hot Chocolate,Night,Fri,Oct,5,10,11-10-2024,22:36:28,22
TXN-01812,card,35.76,Hot Chocolate,Night,Fri,Oct,5,10,11-10-2024,22:37:27,22
TXN-01813,card,25.96,Cortado,Morning,Sat,Oct,6,10,12-10-2024,08:28:16,8
TXN-01814,card,25.96,Cortado,Morning,Sat,Oct,6,10,12-10-2024,10:31:39,10
TXN-01815,card,25.96,Cortado,Morning,Sat,Oct,6,10,12-10-2024,10:32:56,10
TXN-01816,card,35.76,Latte,Morning,Sat,Oct,6,10,12-10-2024,11:52:15,11
TXN-01817,card,30.86,Americano with Milk,Morning,Sat,Oct,6,10,12-10-2024,11:53:41,11
TXN-01818,card,35.76,Cappuccino,Afternoon,Sat,Oct,6,10,12-10-2024,13:18:47,13
TXN-01819,card,35.76,Latte,Night,Sat,Oct,6,10,12-10-2024,20:10:54,20
TXN-01820,card,25.96,Cortado,Morning,Sun,Oct,7,10,13-10-2024,09:54:55,9
TXN-01821,card,30.86,Americano with Milk,Afternoon,Sun,Oct,7,10,13-10-2024,12:20:47,12
TXN-01822,card,25.96,Cortado,Afternoon,Sun,Oct,7,10,13-10-2024,13:32:30,13
TXN-01823,card,21.06,Espresso,Afternoon,Sun,Oct,7,10,13-10-2024,13:33:29,13
TXN-01824,card,25.96,Cortado,Afternoon,Sun,Oct,7,10,13-10-2024,13:34:26,13
TXN-01825,card,35.76,Latte,Night,Sun,Oct,7,10,13-10-2024,17:53:21,17
TXN-01826,card,35.76,Latte,Night,Sun,Oct,7,10,13-10-2024,17:54:22,17
TXN-01827,card,35.76,Cappuccino,Night,Sun,Oct,7,10,13-10-2024,18:22:59,18
TXN-01828,card,35.76,Cappuccino,Night,Sun,Oct,7,10,13-10-2024,20:43:05,20
TXN-01829,card,30.86,Americano with Milk,Morning,Mon,Oct,1,10,14-10-2024,08:26:55,8
TXN-01830,card,35.76,Cocoa,Morning,Mon,Oct,1,10,14-10-2024,09:49:55,9
TXN-01831,card,25.96,Cortado,Morning,Mon,Oct,1,10,14-10-2024,10:27:51,10
TXN-01832,card,35.76,Latte,Morning,Mon,Oct,1,10,14-10-2024,10:38:07,10
TXN-01833,card,35.76,Latte,Morning,Mon,Oct,1,10,14-10-2024,10:39:14,10
TXN-01834,card,35.76,Cappuccino,Morning,Mon,Oct,1,10,14-10-2024,11:23:51,11
TXN-01835,card,25.96,Americano,Morning,Mon,Oct,1,10,14-10-2024,11:25:37,11
TXN-01836,card,25.96,Americano,Morning,Mon,Oct,1,10,14-10-2024,11:26:45,11
TXN-01837,card,35.76,Latte,Afternoon,Mon,Oct,1,10,14-10-2024,14:36:07,14
TXN-01838,card,35.76,Latte,Afternoon,Mon,Oct,1,10,14-10-2024,14:49:51,14
TXN-01839,card,25.96,Americano,Afternoon,Mon,Oct,1,10,14-10-2024,16:37:47,16
TXN-01840,card,35.76,Latte,Night,Mon,Oct,1,10,14-10-2024,18:19:19,18
TXN-01841,card,35.76,Cappuccino,Night,Mon,Oct,1,10,14-10-2024,18:20:21,18
TXN-01842,card,35.76,Latte,Night,Mon,Oct,1,10,14-10-2024,22:08:54,22
TXN-01843,card,35.76,Latte,Night,Mon,Oct,1,10,14-10-2024,22:10:24,22
TXN-01844,card,35.76,Latte,Night,Mon,Oct,1,10,14-10-2024,22:21:54,22
TXN-01845,card,25.96,Cortado,Morning,Tue,Oct,2,10,15-10-2024,08:14:29,8
TXN-01846,card,21.06,Espresso,Morning,Tue,Oct,2,10,15-10-2024,08:34:18,8
TXN-01847,card,35.76,Hot Chocolate,Morning,Tue,Oct,2,10,15-10-2024,11:13:22,11
TXN-01848,card,35.76,Latte,Morning,Tue,Oct,2,10,15-10-2024,11:15:21,11
TXN-01849,card,35.76,Hot Chocolate,Morning,Tue,Oct,2,10,15-10-2024,11:16:27,11
TXN-01850,card,35.76,Latte,Afternoon,Tue,Oct,2,10,15-10-2024,13:00:43,13
TXN-01851,card,30.86,Americano with Milk,Afternoon,Tue,Oct,2,10,15-10-2024,13:15:45,13
TXN-01852,card,35.76,Latte,Afternoon,Tue,Oct,2,10,15-10-2024,15:32:11,15
TXN-01853,card,25.96,Americano,Afternoon,Tue,Oct,2,10,15-10-2024,15:54:17,15
TXN-01854,card,21.06,Espresso,Afternoon,Tue,Oct,2,10,15-10-2024,15:55:19,15
TXN-01855,card,35.76,Hot Chocolate,Night,Tue,Oct,2,10,15-10-2024,17:04:11,17
TXN-01856,card,25.96,Americano,Night,Tue,Oct,2,10,15-10-2024,19:22:21,19
TXN-01857,card,35.76,Cocoa,Night,Tue,Oct,2,10,15-10-2024,19:23:17,19
TXN-01858,card,35.76,Latte,Night,Tue,Oct,2,10,15-10-2024,20:11:15,20
TXN-01859,card,35.76,Latte,Night,Tue,Oct,2,10,15-10-2024,20:12:29,20
TXN-01860,card,35.76,Hot Chocolate,Night,Tue,Oct,2,10,15-10-2024,21:18:08,21
TXN-01861,card,35.76,Hot Chocolate,Night,Tue,Oct,2,10,15-10-2024,21:35:20,21
TXN-01862,card,35.76,Latte,Night,Tue,Oct,2,10,15-10-2024,22:15:20,22
TXN-01863,card,30.86,Americano with Milk,Morning,Wed,Oct,3,10,16-10-2024,08:21:26,8
TXN-01864,card,35.76,Hot Chocolate,Morning,Wed,Oct,3,10,16-10-2024,08:36:24,8
TXN-01865,card,35.76,Latte,Morning,Wed,Oct,3,10,16-10-2024,09:25:51,9
TXN-01866,card,30.86,Americano with Milk,Morning,Wed,Oct,3,10,16-10-2024,10:15:48,10
TXN-01867,card,30.86,Americano with Milk,Morning,Wed,Oct,3,10,16-10-2024,10:16:54,10
TXN-01868,card,30.86,Americano with Milk,Morning,Wed,Oct,3,10,16-10-2024,10:45:25,10
TXN-01869,card,25.96,Americano,Morning,Wed,Oct,3,10,16-10-2024,11:49:45,11
TXN-01870,card,30.86,Americano with Milk,Afternoon,Wed,Oct,3,10,16-10-2024,12:29:44,12
TXN-01871,card,25.96,Americano,Afternoon,Wed,Oct,3,10,16-10-2024,13:20:10,13
TXN-01872,card,35.76,Latte,Afternoon,Wed,Oct,3,10,16-10-2024,16:45:30,16
TXN-01873,card,30.86,Americano with Milk,Night,Wed,Oct,3,10,16-10-2024,17:43:21,17
TXN-01874,card,30.86,Americano with Milk,Night,Wed,Oct,3,10,16-10-2024,19:37:42,19
TXN-01875,card,30.86,Americano with Milk,Night,Wed,Oct,3,10,16-10-2024,19:38:37,19
TXN-01876,card,35.76,Hot Chocolate,Night,Wed,Oct,3,10,16-10-2024,21:20:29,21
TXN-01877,card,35.76,Latte,Morning,Thu,Oct,4,10,17-10-2024,07:47:01,7
TXN-01878,card,35.76,Latte,Morning,Thu,Oct,4,10,17-10-2024,07:58:07,7
TXN-01879,card,30.86,Americano with Milk,Morning,Thu,Oct,4,10,17-10-2024,09:24:27,9
TXN-01880,card,35.76,Latte,Morning,Thu,Oct,4,10,17-10-2024,10:26:38,10
TXN-01881,card,35.76,Hot Chocolate,Morning,Thu,Oct,4,10,17-10-2024,10:44:54,10
TXN-01882,card,30.86,Americano with Milk,Morning,Thu,Oct,4,10,17-10-2024,11:59:27,11
TXN-01883,card,35.76,Latte,Afternoon,Thu,Oct,4,10,17-10-2024,13:57:25,13
TXN-01884,card,25.96,Americano,Afternoon,Thu,Oct,4,10,17-10-2024,14:34:43,14
TXN-01885,card,35.76,Hot Chocolate,Afternoon,Thu,Oct,4,10,17-10-2024,16:37:13,16
TXN-01886,card,35.76,Hot Chocolate,Afternoon,Thu,Oct,4,10,17-10-2024,16:38:18,16
TXN-01887,card,35.76,Latte,Afternoon,Thu,Oct,4,10,17-10-2024,16:39:10,16
TXN-01888,card,35.76,Hot Chocolate,Afternoon,Thu,Oct,4,10,17-10-2024,16:48:36,16
TXN-01889,card,35.76,Hot Chocolate,Afternoon,Thu,Oct,4,10,17-10-2024,16:49:33,16
TXN-01890,card,35.76,Cappuccino,Night,Thu,Oct,4,10,17-10-2024,17:08:28,17
TXN-01891,card,35.76,Hot Chocolate,Night,Thu,Oct,4,10,17-10-2024,17:09:30,17
TXN-01892,card,35.76,Latte,Night,Thu,Oct,4,10,17-10-2024,19:43:12,19
TXN-01893,card,30.86,Americano with Milk,Night,Thu,Oct,4,10,17-10-2024,20:11:36,20
TXN-01894,card,35.76,Latte,Night,Thu,Oct,4,10,17-10-2024,21:46:13,21
TXN-01895,card,35.76,Latte,Night,Thu,Oct,4,10,17-10-2024,21:47:20,21
TXN-01896,card,35.76,Latte,Night,Thu,Oct,4,10,17-10-2024,21:48:32,21
TXN-01897,card,35.76,Hot Chocolate,Night,Thu,Oct,4,10,17-10-2024,21:49:55,21
TXN-01898,card,35.76,Cocoa,Morning,Fri,Oct,5,10,18-10-2024,08:41:59,8
TXN-01899,card,35.76,Cocoa,Morning,Fri,Oct,5,10,18-10-2024,08:42:59,8
TXN-01900,card,35.76,Cocoa,Morning,Fri,Oct,5,10,18-10-2024,09:32:42,9
TXN-01901,card,35.76,Cocoa,Morning,Fri,Oct,5,10,18-10-2024,09:34:08,9
TXN-01902,card,35.76,Cappuccino,Morning,Fri,Oct,5,10,18-10-2024,09:55:20,9
TXN-01903,card,35.76,Cappuccino,Morning,Fri,Oct,5,10,18-10-2024,11:54:59,11
TXN-01904,card,35.76,Latte,Afternoon,Fri,Oct,5,10,18-10-2024,14:51:04,14
TXN-01905,card,35.76,Cappuccino,Afternoon,Fri,Oct,5,10,18-10-2024,14:52:15,14
TXN-01906,card,25.96,Americano,Afternoon,Fri,Oct,5,10,18-10-2024,15:39:20,15
TXN-01907,card,35.76,Latte,Afternoon,Fri,Oct,5,10,18-10-2024,16:09:58,16
TXN-01908,card,35.76,Hot Chocolate,Night,Fri,Oct,5,10,18-10-2024,17:45:39,17
TXN-01909,card,35.76,Cocoa,Night,Fri,Oct,5,10,18-10-2024,21:14:40,21
TXN-01910,card,35.76,Cocoa,Night,Fri,Oct,5,10,18-10-2024,21:15:23,21
TXN-01911,card,30.86,Americano with Milk,Night,Fri,Oct,5,10,18-10-2024,21:52:23,21
TXN-01912,card,35.76,Latte,Night,Fri,Oct,5,10,18-10-2024,22:03:27,22
TXN-01913,card,30.86,Americano with Milk,Morning,Sat,Oct,6,10,19-10-2024,08:34:14,8
TXN-01914,card,35.76,Latte,Afternoon,Sat,Oct,6,10,19-10-2024,13:22:06,13
TXN-01915,card,35.76,Cappuccino,Afternoon,Sat,Oct,6,10,19-10-2024,14:10:33,14
TXN-01916,card,35.76,Hot Chocolate,Afternoon,Sat,Oct,6,10,19-10-2024,15:56:55,15
TXN-01917,card,35.76,Latte,Afternoon,Sat,Oct,6,10,19-10-2024,15:59:24,15
TXN-01918,card,35.76,Latte,Afternoon,Sat,Oct,6,10,19-10-2024,16:02:46,16
TXN-01919,card,35.76,Latte,Afternoon,Sat,Oct,6,10,19-10-2024,16:17:43,16
TXN-01920,card,35.76,Cocoa,Night,Sat,Oct,6,10,19-10-2024,21:46:46,21
TXN-01921,card,35.76,Cappuccino,Night,Sat,Oct,6,10,19-10-2024,22:46:38,22
TXN-01922,card,35.76,Latte,Morning,Sun,Oct,7,10,20-10-2024,08:40:44,8
TXN-01923,card,35.76,Cocoa,Morning,Sun,Oct,7,10,20-10-2024,08:41:50,8
TXN-01924,card,35.76,Latte,Morning,Sun,Oct,7,10,20-10-2024,11:16:52,11
TXN-01925,card,35.76,Hot Chocolate,Afternoon,Sun,Oct,7,10,20-10-2024,14:28:46,14
TXN-01926,card,25.96,Cortado,Afternoon,Sun,Oct,7,10,20-10-2024,14:29:44,14
TXN-01927,card,30.86,Americano with Milk,Afternoon,Sun,Oct,7,10,20-10-2024,15:52:45,15
TXN-01928,card,35.76,Latte,Afternoon,Sun,Oct,7,10,20-10-2024,16:45:10,16
TXN-01929,card,35.76,Latte,Afternoon,Sun,Oct,7,10,20-10-2024,16:46:05,16
TXN-01930,card,35.76,Latte,Night,Sun,Oct,7,10,20-10-2024,17:27:06,17
TXN-01931,card,35.76,Cocoa,Night,Sun,Oct,7,10,20-10-2024,18:34:16,18
TXN-01932,card,35.76,Cocoa,Night,Sun,Oct,7,10,20-10-2024,18:35:08,18
TXN-01933,card,35.76,Hot Chocolate,Night,Sun,Oct,7,10,20-10-2024,21:14:18,21
TXN-01934,card,25.96,Cortado,Night,Sun,Oct,7,10,20-10-2024,21:15:18,21
TXN-01935,card,35.76,Cocoa,Night,Sun,Oct,7,10,20-10-2024,21:17:27,21
TXN-01936,card,35.76,Latte,Night,Sun,Oct,7,10,20-10-2024,21:25:00,21
TXN-01937,card,35.76,Cappuccino,Night,Sun,Oct,7,10,20-10-2024,22:17:29,22
TXN-01938,card,35.76,Latte,Morning,Mon,Oct,1,10,21-10-2024,07:48:43,7
TXN-01939,card,35.76,Latte,Morning,Mon,Oct,1,10,21-10-2024,08:19:56,8
TXN-01940,card,30.86,Americano with Milk,Morning,Mon,Oct,1,10,21-10-2024,09:04:54,9
TXN-01941,card,35.76,Latte,Morning,Mon,Oct,1,10,21-10-2024,09:34:26,9
TXN-01942,card,25.96,Americano,Morning,Mon,Oct,1,10,21-10-2024,10:25:09,10
TXN-01943,card,25.96,Cortado,Morning,Mon,Oct,1,10,21-10-2024,10:41:45,10
TXN-01944,card,25.96,Cortado,Morning,Mon,Oct,1,10,21-10-2024,10:42:36,10
TXN-01945,card,21.06,Espresso,Morning,Mon,Oct,1,10,21-10-2024,11:27:42,11
TXN-01946,card,35.76,Cappuccino,Afternoon,Mon,Oct,1,10,21-10-2024,12:40:24,12
TXN-01947,card,35.76,Latte,Afternoon,Mon,Oct,1,10,21-10-2024,14:42:56,14
TXN-01948,card,35.76,Latte,Afternoon,Mon,Oct,1,10,21-10-2024,14:43:58,14
TXN-01949,card,30.86,Americano with Milk,Afternoon,Mon,Oct,1,10,21-10-2024,15:27:02,15
TXN-01950,card,25.96,Cortado,Afternoon,Mon,Oct,1,10,21-10-2024,15:39:05,15
TXN-01951,card,35.76,Cocoa,Afternoon,Mon,Oct,1,10,21-10-2024,16:42:57,16
TXN-01952,card,35.76,Latte,Afternoon,Mon,Oct,1,10,21-10-2024,16:55:23,16
TXN-01953,card,35.76,Hot Chocolate,Night,Mon,Oct,1,10,21-10-2024,19:21:13,19
TXN-01954,card,35.76,Latte,Night,Mon,Oct,1,10,21-10-2024,21:05:36,21
TXN-01955,card,35.76,Cocoa,Night,Mon,Oct,1,10,21-10-2024,22:30:44,22
TXN-01956,card,35.76,Hot Chocolate,Night,Mon,Oct,1,10,21-10-2024,22:31:34,22
TXN-01957,card,35.76,Latte,Morning,Tue,Oct,2,10,22-10-2024,07:33:00,7
TXN-01958,card,35.76,Cappuccino,Morning,Tue,Oct,2,10,22-10-2024,07:34:00,7
TXN-01959,card,30.86,Americano with Milk,Morning,Tue,Oct,2,10,22-10-2024,08:25:32,8
TXN-01960,card,25.96,Cortado,Morning,Tue,Oct,2,10,22-10-2024,09:17:50,9
TXN-01961,card,21.06,Espresso,Morning,Tue,Oct,2,10,22-10-2024,10:51:32,10
TXN-01962,card,25.96,Cortado,Morning,Tue,Oct,2,10,22-10-2024,10:52:17,10
TXN-01963,card,25.96,Americano,Night,Tue,Oct,2,10,22-10-2024,18:07:03,18
TXN-01964,card,35.76,Hot Chocolate,Night,Tue,Oct,2,10,22-10-2024,19:46:39,19
TXN-01965,card,35.76,Latte,Night,Tue,Oct,2,10,22-10-2024,19:47:50,19
TXN-01966,card,35.76,Latte,Morning,Wed,Oct,3,10,23-10-2024,07:58:07,7
TXN-01967,card,30.86,Americano with Milk,Morning,Wed,Oct,3,10,23-10-2024,08:45:15,8
TXN-01968,card,25.96,Cortado,Morning,Wed,Oct,3,10,23-10-2024,10:24:58,10
TXN-01969,card,30.86,Americano with Milk,Afternoon,Wed,Oct,3,10,23-10-2024,12:31:05,12
TXN-01970,card,30.86,Americano with Milk,Afternoon,Wed,Oct,3,10,23-10-2024,16:20:02,16
TXN-01971,card,30.86,Americano with Milk,Afternoon,Wed,Oct,3,10,23-10-2024,16:21:09,16
TXN-01972,card,35.76,Cappuccino,Afternoon,Wed,Oct,3,10,23-10-2024,16:42:30,16
TXN-01973,card,21.06,Espresso,Night,Wed,Oct,3,10,23-10-2024,17:02:46,17
TXN-01974,card,35.76,Cocoa,Night,Wed,Oct,3,10,23-10-2024,18:58:59,18
TXN-01975,card,35.76,Cappuccino,Night,Wed,Oct,3,10,23-10-2024,19:00:43,19
TXN-01976,card,30.86,Americano with Milk,Night,Wed,Oct,3,10,23-10-2024,21:57:21,21
TXN-01977,card,35.76,Hot Chocolate,Night,Wed,Oct,3,10,23-10-2024,21:58:24,21
TXN-01978,card,35.76,Latte,Night,Wed,Oct,3,10,23-10-2024,22:23:38,22
TXN-01979,card,25.96,Americano,Afternoon,Thu,Oct,4,10,24-10-2024,12:07:47,12
TXN-01980,card,35.76,Cappuccino,Afternoon,Thu,Oct,4,10,24-10-2024,13:24:00,13
TXN-01981,card,35.76,Cappuccino,Afternoon,Thu,Oct,4,10,24-10-2024,14:09:47,14
TXN-01982,card,35.76,Hot Chocolate,Afternoon,Thu,Oct,4,10,24-10-2024,14:49:02,14
TXN-01983,card,35.76,Latte,Afternoon,Thu,Oct,4,10,24-10-2024,14:49:49,14
TXN-01984,card,35.76,Latte,Afternoon,Thu,Oct,4,10,24-10-2024,15:47:33,15
TXN-01985,card,35.76,Latte,Afternoon,Thu,Oct,4,10,24-10-2024,15:48:30,15
TXN-01986,card,25.96,Americano,Night,Thu,Oct,4,10,24-10-2024,18:53:47,18
TXN-01987,card,25.96,Americano,Night,Thu,Oct,4,10,24-10-2024,18:55:08,18
TXN-01988,card,35.76,Latte,Night,Thu,Oct,4,10,24-10-2024,19:50:19,19
TXN-01989,card,25.96,Americano,Night,Thu,Oct,4,10,24-10-2024,20:44:11,20
TXN-01990,card,35.76,Hot Chocolate,Night,Thu,Oct,4,10,24-10-2024,21:14:45,21
TXN-01991,card,35.76,Hot Chocolate,Night,Thu,Oct,4,10,24-10-2024,21:15:29,21
TXN-01992,card,35.76,Hot Chocolate,Night,Thu,Oct,4,10,24-10-2024,21:56:20,21
TXN-01993,card,35.76,Cappuccino,Night,Thu,Oct,4,10,24-10-2024,21:57:10,21
TXN-01994,card,35.76,Cappuccino,Morning,Fri,Oct,5,10,25-10-2024,07:38:11,7
TXN-01995,card,21.06,Espresso,Morning,Fri,Oct,5,10,25-10-2024,07:45:23,7
TXN-01996,card,35.76,Cocoa,Morning,Fri,Oct,5,10,25-10-2024,08:10:05,8
TXN-01997,card,35.76,Latte,Morning,Fri,Oct,5,10,25-10-2024,08:10:55,8
TXN-01998,card,35.76,Cocoa,Morning,Fri,Oct,5,10,25-10-2024,08:18:50,8
TXN-01999,card,25.96,Americano,Morning,Fri,Oct,5,10,25-10-2024,10:03:28,10
TXN-02000,card,25.96,Americano,Morning,Fri,Oct,5,10,25-10-2024,10:05:21,10
TXN-02001,card,30.86,Americano with Milk,Morning,Fri,Oct,5,10,25-10-2024,10:51:01,10
TXN-02002,card,35.76,Cocoa,Morning,Fri,Oct,5,10,25-10-2024,11:49:43,11
TXN-02003,card,35.76,Cocoa,Morning,Fri,Oct,5,10,25-10-2024,11:50:30,11
TXN-02004,card,25.96,Cortado,Afternoon,Fri,Oct,5,10,25-10-2024,12:06:50,12
TXN-02005,card,35.76,Latte,Afternoon,Fri,Oct,5,10,25-10-2024,12:40:37,12
TXN-02006,card,35.76,Cappuccino,Afternoon,Fri,Oct,5,10,25-10-2024,14:23:17,14
TXN-02007,card,35.76,Hot Chocolate,Night,Fri,Oct,5,10,25-10-2024,22:19:24,22
TXN-02008,card,21.06,Espresso,Night,Fri,Oct,5,10,25-10-2024,22:22:32,22
TXN-02009,card,35.76,Cappuccino,Morning,Sat,Oct,6,10,26-10-2024,07:49:59,7
TXN-02010,card,25.96,Cortado,Morning,Sat,Oct,6,10,26-10-2024,08:41:45,8
TXN-02011,card,35.76,Cappuccino,Morning,Sat,Oct,6,10,26-10-2024,08:53:00,8
TXN-02012,card,25.96,Americano,Morning,Sat,Oct,6,10,26-10-2024,10:24:38,10
TXN-02013,card,35.76,Cocoa,Afternoon,Sat,Oct,6,10,26-10-2024,12:18:09,12
TXN-02014,card,35.76,Latte,Afternoon,Sat,Oct,6,10,26-10-2024,13:03:31,13
TXN-02015,card,35.76,Latte,Afternoon,Sat,Oct,6,10,26-10-2024,14:34:59,14
TXN-02016,card,30.86,Americano with Milk,Afternoon,Sat,Oct,6,10,26-10-2024,14:36:15,14
TXN-02017,card,25.96,Cortado,Afternoon,Sat,Oct,6,10,26-10-2024,15:05:22,15
TXN-02018,card,25.96,Cortado,Afternoon,Sat,Oct,6,10,26-10-2024,15:06:19,15
TXN-02019,card,35.76,Latte,Afternoon,Sat,Oct,6,10,26-10-2024,15:38:29,15
TXN-02020,card,35.76,Latte,Afternoon,Sat,Oct,6,10,26-10-2024,15:39:30,15
TXN-02021,card,30.86,Americano with Milk,Afternoon,Sat,Oct,6,10,26-10-2024,15:52:02,15
TXN-02022,card,30.86,Americano with Milk,Afternoon,Sat,Oct,6,10,26-10-2024,15:53:22,15
TXN-02023,card,35.76,Cappuccino,Night,Sat,Oct,6,10,26-10-2024,19:19:21,19
TXN-02024,card,30.86,Americano with Milk,Night,Sat,Oct,6,10,26-10-2024,20:34:47,20
TXN-02025,card,30.86,Americano with Milk,Morning,Sun,Oct,7,10,27-10-2024,11:01:57,11
TXN-02026,card,35.76,Latte,Afternoon,Sun,Oct,7,10,27-10-2024,12:53:26,12
TXN-02027,card,30.86,Americano with Milk,Afternoon,Sun,Oct,7,10,27-10-2024,12:54:28,12
TXN-02028,card,35.76,Cappuccino,Afternoon,Sun,Oct,7,10,27-10-2024,13:43:47,13
TXN-02029,card,35.76,Latte,Afternoon,Sun,Oct,7,10,27-10-2024,16:17:06,16
TXN-02030,card,35.76,Cappuccino,Morning,Mon,Oct,1,10,28-10-2024,07:46:28,7
TXN-02031,card,25.96,Americano,Morning,Mon,Oct,1,10,28-10-2024,08:01:12,8
TXN-02032,card,35.76,Latte,Morning,Mon,Oct,1,10,28-10-2024,08:35:03,8
TXN-02033,card,30.86,Americano with Milk,Morning,Mon,Oct,1,10,28-10-2024,09:15:43,9
TXN-02034,card,35.76,Latte,Morning,Mon,Oct,1,10,28-10-2024,11:42:36,11
TXN-02035,card,35.76,Latte,Morning,Mon,Oct,1,10,28-10-2024,11:43:43,11
TXN-02036,card,35.76,Hot Chocolate,Afternoon,Mon,Oct,1,10,28-10-2024,12:01:36,12
TXN-02037,card,30.86,Americano with Milk,Afternoon,Mon,Oct,1,10,28-10-2024,12:02:35,12
TXN-02038,card,35.76,Cappuccino,Afternoon,Mon,Oct,1,10,28-10-2024,12:21:30,12
TXN-02039,card,30.86,Americano with Milk,Afternoon,Mon,Oct,1,10,28-10-2024,14:10:55,14
TXN-02040,card,30.86,Americano with Milk,Afternoon,Mon,Oct,1,10,28-10-2024,14:11:56,14
TXN-02041,card,30.86,Americano with Milk,Afternoon,Mon,Oct,1,10,28-10-2024,14:31:00,14
TXN-02042,card,35.76,Latte,Afternoon,Mon,Oct,1,10,28-10-2024,16:01:21,16
TXN-02043,card,35.76,Cocoa,Night,Mon,Oct,1,10,28-10-2024,17:55:18,17
TXN-02044,card,35.76,Cocoa,Night,Mon,Oct,1,10,28-10-2024,17:56:02,17
TXN-02045,card,35.76,Cappuccino,Night,Mon,Oct,1,10,28-10-2024,19:10:25,19
TXN-02046,card,30.86,Americano with Milk,Night,Mon,Oct,1,10,28-10-2024,21:20:04,21
TXN-02047,card,30.86,Americano with Milk,Night,Mon,Oct,1,10,28-10-2024,22:05:51,22
TXN-02048,card,35.76,Latte,Morning,Tue,Oct,2,10,29-10-2024,08:40:52,8
TXN-02049,card,35.76,Latte,Morning,Tue,Oct,2,10,29-10-2024,08:47:06,8
TXN-02050,card,35.76,Latte,Morning,Tue,Oct,2,10,29-10-2024,09:31:58,9
TXN-02051,card,30.86,Americano with Milk,Morning,Tue,Oct,2,10,29-10-2024,11:59:47,11
TXN-02052,card,21.06,Espresso,Afternoon,Tue,Oct,2,10,29-10-2024,12:21:37,12
TXN-02053,card,25.96,Cortado,Afternoon,Tue,Oct,2,10,29-10-2024,14:15:44,14
TXN-02054,card,25.96,Cortado,Afternoon,Tue,Oct,2,10,29-10-2024,14:17:01,14
TXN-02055,card,35.76,Cappuccino,Afternoon,Tue,Oct,2,10,29-10-2024,14:37:36,14
TXN-02056,card,35.76,Hot Chocolate,Afternoon,Tue,Oct,2,10,29-10-2024,16:09:34,16
TXN-02057,card,35.76,Cocoa,Afternoon,Tue,Oct,2,10,29-10-2024,16:10:57,16
TXN-02058,card,35.76,Cocoa,Afternoon,Tue,Oct,2,10,29-10-2024,16:17:33,16
TXN-02059,card,30.86,Americano with Milk,Night,Tue,Oct,2,10,29-10-2024,18:02:04,18
TXN-02060,card,30.86,Americano with Milk,Night,Tue,Oct,2,10,29-10-2024,18:02:57,18
TXN-02061,card,30.86,Americano with Milk,Night,Tue,Oct,2,10,29-10-2024,19:02:05,19
TXN-02062,card,35.76,Cappuccino,Night,Tue,Oct,2,10,29-10-2024,19:05:44,19
TXN-02063,card,35.76,Hot Chocolate,Night,Tue,Oct,2,10,29-10-2024,19:51:13,19
TXN-02064,card,35.76,Latte,Night,Tue,Oct,2,10,29-10-2024,19:54:02,19
TXN-02065,card,35.76,Latte,Night,Tue,Oct,2,10,29-10-2024,20:07:36,20
TXN-02066,card,35.76,Latte,Morning,Wed,Oct,3,10,30-10-2024,07:52:05,7
TXN-02067,card,30.86,Americano with Milk,Morning,Wed,Oct,3,10,30-10-2024,08:46:27,8
TXN-02068,card,30.86,Americano with Milk,Morning,Wed,Oct,3,10,30-10-2024,08:47:29,8
TXN-02069,card,35.76,Latte,Morning,Wed,Oct,3,10,30-10-2024,09:11:29,9
TXN-02070,card,35.76,Latte,Morning,Wed,Oct,3,10,30-10-2024,10:31:53,10
TXN-02071,card,35.76,Latte,Morning,Wed,Oct,3,10,30-10-2024,10:33:08,10
TXN-02072,card,35.76,Latte,Afternoon,Wed,Oct,3,10,30-10-2024,12:08:46,12
TXN-02073,card,25.96,Americano,Afternoon,Wed,Oct,3,10,30-10-2024,12:09:47,12
TXN-02074,card,30.86,Americano with Milk,Afternoon,Wed,Oct,3,10,30-10-2024,12:10:58,12
TXN-02075,card,25.96,Americano,Afternoon,Wed,Oct,3,10,30-10-2024,12:37:01,12
TXN-02076,card,35.76,Latte,Afternoon,Wed,Oct,3,10,30-10-2024,15:05:15,15
TXN-02077,card,35.76,Latte,Afternoon,Wed,Oct,3,10,30-10-2024,15:07:03,15
TXN-02078,card,30.86,Americano with Milk,Afternoon,Wed,Oct,3,10,30-10-2024,16:04:48,16
TXN-02079,card,35.76,Hot Chocolate,Night,Wed,Oct,3,10,30-10-2024,18:08:12,18
TXN-02080,card,30.86,Americano with Milk,Night,Wed,Oct,3,10,30-10-2024,19:18:31,19
TXN-02081,card,30.86,Americano with Milk,Night,Wed,Oct,3,10,30-10-2024,19:43:21,19
TXN-02082,card,35.76,Latte,Morning,Thu,Oct,4,10,31-10-2024,07:54:17,7
TXN-02083,card,35.76,Latte,Morning,Thu,Oct,4,10,31-10-2024,08:38:54,8
TXN-02084,card,30.86,Americano with Milk,Morning,Thu,Oct,4,10,31-10-2024,09:18:19,9
TXN-02085,card,35.76,Latte,Afternoon,Thu,Oct,4,10,31-10-2024,15:59:27,15
TXN-02086,card,30.86,Americano with Milk,Afternoon,Thu,Oct,4,10,31-10-2024,16:00:31,16
TXN-02087,card,35.76,Cocoa,Morning,Fri,Nov,5,11,01-11-2024,08:24:03,8
TXN-02088,card,25.96,Americano,Morning,Fri,Nov,5,11,01-11-2024,08:30:58,8
TXN-02089,card,35.76,Latte,Morning,Fri,Nov,5,11,01-11-2024,10:54:50,10
TXN-02090,card,35.76,Cocoa,Afternoon,Fri,Nov,5,11,01-11-2024,12:41:27,12
TXN-02091,card,35.76,Cocoa,Afternoon,Fri,Nov,5,11,01-11-2024,12:42:18,12
TXN-02092,card,25.96,Cortado,Afternoon,Fri,Nov,5,11,01-11-2024,15:55:42,15
TXN-02093,card,30.86,Americano with Milk,Night,Fri,Nov,5,11,01-11-2024,22:41:56,22
TXN-02094,card,25.96,Cortado,Morning,Sat,Nov,6,11,02-11-2024,08:19:44,8
TXN-02095,card,35.76,Cocoa,Morning,Sat,Nov,6,11,02-11-2024,10:25:46,10
TXN-02096,card,30.86,Americano with Milk,Morning,Sat,Nov,6,11,02-11-2024,10:33:10,10
TXN-02097,card,30.86,Americano with Milk,Afternoon,Sat,Nov,6,11,02-11-2024,14:54:15,14
TXN-02098,card,35.76,Hot Chocolate,Afternoon,Sat,Nov,6,11,02-11-2024,16:24:16,16
TXN-02099,card,35.76,Latte,Afternoon,Sat,Nov,6,11,02-11-2024,16:25:57,16
TXN-02100,card,35.76,Latte,Afternoon,Sat,Nov,6,11,02-11-2024,16:37:05,16
TXN-02101,card,30.86,Americano with Milk,Night,Sat,Nov,6,11,02-11-2024,18:18:27,18
TXN-02102,card,25.96,Americano,Night,Sat,Nov,6,11,02-11-2024,18:58:24,18
TXN-02103,card,25.96,Cortado,Morning,Sun,Nov,7,11,03-11-2024,08:23:00,8
TXN-02104,card,30.86,Americano with Milk,Morning,Sun,Nov,7,11,03-11-2024,09:47:06,9
TXN-02105,card,30.86,Americano with Milk,Morning,Sun,Nov,7,11,03-11-2024,09:48:12,9
TXN-02106,card,35.76,Latte,Afternoon,Sun,Nov,7,11,03-11-2024,13:13:51,13
TXN-02107,card,30.86,Americano with Milk,Afternoon,Sun,Nov,7,11,03-11-2024,13:14:57,13
TXN-02108,card,35.76,Cocoa,Afternoon,Sun,Nov,7,11,03-11-2024,13:18:25,13
TXN-02109,card,25.96,Americano,Afternoon,Sun,Nov,7,11,03-11-2024,13:44:19,13
TXN-02110,card,30.86,Americano with Milk,Afternoon,Sun,Nov,7,11,03-11-2024,13:59:01,13
TXN-02111,card,35.76,Hot Chocolate,Afternoon,Sun,Nov,7,11,03-11-2024,16:15:18,16
TXN-02112,card,35.76,Hot Chocolate,Afternoon,Sun,Nov,7,11,03-11-2024,16:16:44,16
TXN-02113,card,25.96,Americano,Afternoon,Sun,Nov,7,11,03-11-2024,16:20:37,16
TXN-02114,card,25.96,Americano,Afternoon,Sun,Nov,7,11,03-11-2024,16:21:46,16
TXN-02115,card,35.76,Cocoa,Night,Sun,Nov,7,11,03-11-2024,20:26:15,20
TXN-02116,card,35.76,Latte,Morning,Mon,Nov,1,11,04-11-2024,07:43:37,7
TXN-02117,card,35.76,Latte,Morning,Mon,Nov,1,11,04-11-2024,08:37:33,8
TXN-02118,card,30.86,Americano with Milk,Morning,Mon,Nov,1,11,04-11-2024,08:38:59,8
TXN-02119,card,25.96,Americano,Afternoon,Mon,Nov,1,11,04-11-2024,12:33:36,12
TXN-02120,card,30.86,Americano with Milk,Afternoon,Mon,Nov,1,11,04-11-2024,12:35:06,12
TXN-02121,card,35.76,Cocoa,Afternoon,Mon,Nov,1,11,04-11-2024,14:44:38,14
TXN-02122,card,35.76,Cocoa,Afternoon,Mon,Nov,1,11,04-11-2024,14:45:20,14
TXN-02123,card,35.76,Cocoa,Morning,Tue,Nov,2,11,05-11-2024,07:49:32,7
TXN-02124,card,30.86,Americano with Milk,Morning,Tue,Nov,2,11,05-11-2024,09:05:42,9
TXN-02125,card,35.76,Cappuccino,Morning,Tue,Nov,2,11,05-11-2024,09:12:12,9
TXN-02126,card,30.86,Americano with Milk,Morning,Tue,Nov,2,11,05-11-2024,09:13:40,9
TXN-02127,card,30.86,Americano with Milk,Morning,Tue,Nov,2,11,05-11-2024,10:41:44,10
TXN-02128,card,35.76,Cocoa,Morning,Tue,Nov,2,11,05-11-2024,11:47:30,11
TXN-02129,card,35.76,Latte,Morning,Tue,Nov,2,11,05-11-2024,11:48:22,11
TXN-02130,card,35.76,Latte,Afternoon,Tue,Nov,2,11,05-11-2024,14:36:38,14
TXN-02131,card,35.76,Latte,Afternoon,Tue,Nov,2,11,05-11-2024,14:41:48,14
TXN-02132,card,35.76,Cappuccino,Night,Tue,Nov,2,11,05-11-2024,18:52:56,18
TXN-02133,card,35.76,Cappuccino,Night,Tue,Nov,2,11,05-11-2024,18:54:11,18
TXN-02134,card,35.76,Cappuccino,Night,Tue,Nov,2,11,05-11-2024,18:55:19,18
TXN-02135,card,35.76,Cocoa,Night,Tue,Nov,2,11,05-11-2024,21:40:45,21
TXN-02136,card,35.76,Cocoa,Night,Tue,Nov,2,11,05-11-2024,21:42:03,21
TXN-02137,card,35.76,Hot Chocolate,Night,Tue,Nov,2,11,05-11-2024,21:54:20,21
TXN-02138,card,35.76,Hot Chocolate,Night,Tue,Nov,2,11,05-11-2024,22:05:51,22
TXN-02139,card,30.86,Americano with Milk,Night,Tue,Nov,2,11,05-11-2024,22:06:39,22
TXN-02140,card,35.76,Latte,Morning,Wed,Nov,3,11,06-11-2024,08:11:25,8
TXN-02141,card,21.06,Espresso,Morning,Wed,Nov,3,11,06-11-2024,11:45:31,11
TXN-02142,card,25.96,Americano,Afternoon,Wed,Nov,3,11,06-11-2024,13:15:33,13
TXN-02143,card,35.76,Cappuccino,Afternoon,Wed,Nov,3,11,06-11-2024,15:44:16,15
TXN-02144,card,35.76,Latte,Afternoon,Wed,Nov,3,11,06-11-2024,16:00:44,16
TXN-02145,card,35.76,Cappuccino,Afternoon,Wed,Nov,3,11,06-11-2024,16:02:05,16
TXN-02146,card,35.76,Hot Chocolate,Night,Wed,Nov,3,11,06-11-2024,18:40:43,18
TXN-02147,card,35.76,Hot Chocolate,Night,Wed,Nov,3,11,06-11-2024,18:41:31,18
TXN-02148,card,35.76,Latte,Afternoon,Thu,Nov,4,11,07-11-2024,12:17:16,12
TXN-02149,card,25.96,Americano,Afternoon,Thu,Nov,4,11,07-11-2024,15:50:11,15
TXN-02150,card,25.96,Americano,Afternoon,Thu,Nov,4,11,07-11-2024,16:39:39,16
TXN-02151,card,35.76,Cocoa,Night,Thu,Nov,4,11,07-11-2024,18:17:34,18
TXN-02152,card,35.76,Hot Chocolate,Night,Thu,Nov,4,11,07-11-2024,19:20:15,19
TXN-02153,card,35.76,Latte,Night,Thu,Nov,4,11,07-11-2024,19:21:38,19
TXN-02154,card,35.76,Latte,Night,Thu,Nov,4,11,07-11-2024,20:02:31,20
TXN-02155,card,30.86,Americano with Milk,Morning,Fri,Nov,5,11,08-11-2024,09:05:42,9
TXN-02156,card,25.96,Americano,Morning,Fri,Nov,5,11,08-11-2024,09:47:31,9
TXN-02157,card,25.96,Americano,Morning,Fri,Nov,5,11,08-11-2024,09:49:00,9
TXN-02158,card,35.76,Cappuccino,Morning,Fri,Nov,5,11,08-11-2024,11:47:11,11
TXN-02159,card,35.76,Latte,Afternoon,Fri,Nov,5,11,08-11-2024,13:25:13,13
TXN-02160,card,35.76,Latte,Afternoon,Fri,Nov,5,11,08-11-2024,13:26:18,13
TXN-02161,card,30.86,Americano with Milk,Afternoon,Fri,Nov,5,11,08-11-2024,16:33:03,16
TXN-02162,card,30.86,Americano with Milk,Afternoon,Fri,Nov,5,11,08-11-2024,16:55:28,16
TXN-02163,card,35.76,Hot Chocolate,Night,Fri,Nov,5,11,08-11-2024,20:13:32,20
TXN-02164,card,35.76,Hot Chocolate,Night,Fri,Nov,5,11,08-11-2024,20:14:24,20
TXN-02165,card,35.76,Hot Chocolate,Night,Fri,Nov,5,11,08-11-2024,20:15:20,20
TXN-02166,card,35.76,Latte,Night,Fri,Nov,5,11,08-11-2024,22:27:10,22
TXN-02167,card,30.86,Americano with Milk,Morning,Sat,Nov,6,11,09-11-2024,10:08:19,10
TXN-02168,card,25.96,Cortado,Morning,Sat,Nov,6,11,09-11-2024,11:02:08,11
TXN-02169,card,25.96,Cortado,Morning,Sat,Nov,6,11,09-11-2024,11:03:01,11
TXN-02170,card,35.76,Latte,Morning,Sat,Nov,6,11,09-11-2024,11:08:44,11
TXN-02171,card,35.76,Hot Chocolate,Afternoon,Sat,Nov,6,11,09-11-2024,13:50:15,13
TXN-02172,card,35.76,Hot Chocolate,Afternoon,Sat,Nov,6,11,09-11-2024,13:50:55,13
TXN-02173,card,35.76,Hot Chocolate,Afternoon,Sat,Nov,6,11,09-11-2024,14:21:52,14
TXN-02174,card,35.76,Hot Chocolate,Afternoon,Sat,Nov,6,11,09-11-2024,14:22:50,14
TXN-02175,card,25.96,Americano,Afternoon,Sat,Nov,6,11,09-11-2024,14:37:33,14
TXN-02176,card,30.86,Americano with Milk,Afternoon,Sat,Nov,6,11,09-11-2024,15:29:51,15
TXN-02177,card,35.76,Latte,Afternoon,Sat,Nov,6,11,09-11-2024,16:15:48,16
TXN-02178,card,35.76,Cocoa,Afternoon,Sat,Nov,6,11,09-11-2024,16:16:52,16
TXN-02179,card,25.96,Americano,Night,Sat,Nov,6,11,09-11-2024,20:42:05,20
TXN-02180,card,35.76,Latte,Night,Sat,Nov,6,11,09-11-2024,20:43:28,20
TXN-02181,card,35.76,Cocoa,Night,Sat,Nov,6,11,09-11-2024,22:13:28,22
TXN-02182,card,25.96,Americano,Night,Sat,Nov,6,11,09-11-2024,22:52:58,22
TXN-02183,card,25.96,Americano,Night,Sat,Nov,6,11,09-11-2024,22:54:19,22
TXN-02184,card,25.96,Americano,Morning,Sun,Nov,7,11,10-11-2024,09:46:22,9
TXN-02185,card,35.76,Cocoa,Night,Sun,Nov,7,11,10-11-2024,17:52:48,17
TXN-02186,card,35.76,Hot Chocolate,Night,Sun,Nov,7,11,10-11-2024,18:12:53,18
TXN-02187,card,35.76,Hot Chocolate,Night,Sun,Nov,7,11,10-11-2024,18:14:04,18
TXN-02188,card,35.76,Cappuccino,Night,Sun,Nov,7,11,10-11-2024,20:38:08,20
TXN-02189,card,35.76,Cappuccino,Night,Sun,Nov,7,11,10-11-2024,20:39:07,20
TXN-02190,card,35.76,Cappuccino,Morning,Mon,Nov,1,11,11-11-2024,07:48:27,7
TXN-02191,card,30.86,Americano with Milk,Morning,Mon,Nov,1,11,11-11-2024,09:52:26,9
TXN-02192,card,25.96,Cortado,Morning,Mon,Nov,1,11,11-11-2024,10:19:10,10
TXN-02193,card,35.76,Cappuccino,Afternoon,Mon,Nov,1,11,11-11-2024,16:18:44,16
TXN-02194,card,35.76,Hot Chocolate,Afternoon,Mon,Nov,1,11,11-11-2024,16:19:53,16
TXN-02195,card,35.76,Cappuccino,Night,Mon,Nov,1,11,11-11-2024,17:33:32,17
TXN-02196,card,35.76,Latte,Night,Mon,Nov,1,11,11-11-2024,19:00:47,19
TXN-02197,card,35.76,Hot Chocolate,Night,Mon,Nov,1,11,11-11-2024,19:04:16,19
TXN-02198,card,35.76,Latte,Night,Mon,Nov,1,11,11-11-2024,21:08:32,21
TXN-02199,card,35.76,Latte,Night,Mon,Nov,1,11,11-11-2024,21:09:47,21
TXN-02200,card,35.76,Latte,Morning,Tue,Nov,2,11,12-11-2024,10:03:09,10
TXN-02201,card,35.76,Latte,Afternoon,Tue,Nov,2,11,12-11-2024,13:15:45,13
TXN-02202,card,35.76,Latte,Afternoon,Tue,Nov,2,11,12-11-2024,14:39:15,14
TXN-02203,card,35.76,Hot Chocolate,Afternoon,Tue,Nov,2,11,12-11-2024,16:47:14,16
TXN-02204,card,35.76,Hot Chocolate,Afternoon,Tue,Nov,2,11,12-11-2024,16:48:05,16
TXN-02205,card,35.76,Cocoa,Afternoon,Tue,Nov,2,11,12-11-2024,16:49:04,16
TXN-02206,card,35.76,Cappuccino,Night,Tue,Nov,2,11,12-11-2024,18:45:14,18
TXN-02207,card,35.76,Latte,Night,Tue,Nov,2,11,12-11-2024,20:07:58,20
TXN-02208,card,35.76,Cocoa,Night,Tue,Nov,2,11,12-11-2024,20:09:22,20
TXN-02209,card,30.86,Americano with Milk,Morning,Wed,Nov,3,11,13-11-2024,08:09:11,8
TXN-02210,card,35.76,Latte,Morning,Wed,Nov,3,11,13-11-2024,10:37:43,10
TXN-02211,card,30.86,Americano with Milk,Afternoon,Wed,Nov,3,11,13-11-2024,13:19:55,13
TXN-02212,card,30.86,Americano with Milk,Afternoon,Wed,Nov,3,11,13-11-2024,13:20:58,13
TXN-02213,card,30.86,Americano with Milk,Afternoon,Wed,Nov,3,11,13-11-2024,14:17:30,14
TXN-02214,card,35.76,Latte,Afternoon,Wed,Nov,3,11,13-11-2024,14:46:58,14
TXN-02215,card,35.76,Latte,Morning,Thu,Nov,4,11,14-11-2024,09:36:28,9
TXN-02216,card,25.96,Americano,Morning,Thu,Nov,4,11,14-11-2024,10:06:43,10
TXN-02217,card,21.06,Espresso,Afternoon,Thu,Nov,4,11,14-11-2024,12:48:50,12
TXN-02218,card,35.76,Cappuccino,Afternoon,Thu,Nov,4,11,14-11-2024,15:03:45,15
TXN-02219,card,35.76,Latte,Afternoon,Thu,Nov,4,11,14-11-2024,15:04:57,15
TXN-02220,card,35.76,Cappuccino,Afternoon,Thu,Nov,4,11,14-11-2024,15:05:50,15
TXN-02221,card,30.86,Americano with Milk,Afternoon,Thu,Nov,4,11,14-11-2024,16:13:08,16
TXN-02222,card,35.76,Cappuccino,Afternoon,Thu,Nov,4,11,14-11-2024,16:14:22,16
TXN-02223,card,35.76,Hot Chocolate,Night,Thu,Nov,4,11,14-11-2024,19:43:26,19
TXN-02224,card,35.76,Hot Chocolate,Night,Thu,Nov,4,11,14-11-2024,19:46:37,19
TXN-02225,card,35.76,Cocoa,Night,Thu,Nov,4,11,14-11-2024,20:31:30,20
TXN-02226,card,35.76,Hot Chocolate,Night,Thu,Nov,4,11,14-11-2024,20:32:31,20
TXN-02227,card,35.76,Latte,Night,Thu,Nov,4,11,14-11-2024,21:24:32,21
TXN-02228,card,35.76,Latte,Night,Thu,Nov,4,11,14-11-2024,22:40:42,22
TXN-02229,card,30.86,Americano with Milk,Morning,Fri,Nov,5,11,15-11-2024,08:45:51,8
TXN-02230,card,30.86,Americano with Milk,Morning,Fri,Nov,5,11,15-11-2024,11:05:53,11
TXN-02231,card,35.76,Cocoa,Afternoon,Fri,Nov,5,11,15-11-2024,12:09:00,12
TXN-02232,card,35.76,Cocoa,Afternoon,Fri,Nov,5,11,15-11-2024,12:14:19,12
TXN-02233,card,35.76,Latte,Afternoon,Fri,Nov,5,11,15-11-2024,13:57:34,13
TXN-02234,card,25.96,Americano,Afternoon,Fri,Nov,5,11,15-11-2024,15:19:51,15
TXN-02235,card,30.86,Americano with Milk,Night,Fri,Nov,5,11,15-11-2024,17:35:41,17
TXN-02236,card,35.76,Latte,Night,Fri,Nov,5,11,15-11-2024,17:55:01,17
TXN-02237,card,35.76,Hot Chocolate,Night,Fri,Nov,5,11,15-11-2024,18:12:45,18
TXN-02238,card,30.86,Americano with Milk,Night,Fri,Nov,5,11,15-11-2024,18:42:22,18
TXN-02239,card,30.86,Americano with Milk,Night,Fri,Nov,5,11,15-11-2024,18:43:21,18
TXN-02240,card,25.96,Cortado,Morning,Sat,Nov,6,11,16-11-2024,10:21:35,10
TXN-02241,card,25.96,Cortado,Morning,Sat,Nov,6,11,16-11-2024,10:45:51,10
TXN-02242,card,35.76,Hot Chocolate,Morning,Sat,Nov,6,11,16-11-2024,11:02:01,11
TXN-02243,card,35.76,Latte,Morning,Sat,Nov,6,11,16-11-2024,11:03:07,11
TXN-02244,card,25.96,Americano,Morning,Sat,Nov,6,11,16-11-2024,11:39:25,11
TXN-02245,card,35.76,Cappuccino,Afternoon,Sat,Nov,6,11,16-11-2024,12:30:15,12
TXN-02246,card,30.86,Americano with Milk,Afternoon,Sat,Nov,6,11,16-11-2024,12:31:51,12
TXN-02247,card,35.76,Latte,Afternoon,Sat,Nov,6,11,16-11-2024,12:48:36,12
TXN-02248,card,35.76,Latte,Afternoon,Sat,Nov,6,11,16-11-2024,12:49:35,12
TXN-02249,card,30.86,Americano with Milk,Afternoon,Sat,Nov,6,11,16-11-2024,13:16:55,13
TXN-02250,card,35.76,Latte,Afternoon,Sat,Nov,6,11,16-11-2024,13:18:00,13
TXN-02251,card,35.76,Latte,Afternoon,Sat,Nov,6,11,16-11-2024,13:19:09,13
TXN-02252,card,30.86,Americano with Milk,Afternoon,Sat,Nov,6,11,16-11-2024,14:25:47,14
TXN-02253,card,30.86,Americano with Milk,Morning,Sun,Nov,7,11,17-11-2024,10:29:37,10
TXN-02254,card,30.86,Americano with Milk,Afternoon,Sun,Nov,7,11,17-11-2024,13:35:20,13
TXN-02255,card,25.96,Americano,Afternoon,Sun,Nov,7,11,17-11-2024,14:18:42,14
TXN-02256,card,30.86,Americano with Milk,Afternoon,Sun,Nov,7,11,17-11-2024,14:33:40,14
TXN-02257,card,35.76,Latte,Afternoon,Sun,Nov,7,11,17-11-2024,16:27:26,16
TXN-02258,card,35.76,Latte,Afternoon,Sun,Nov,7,11,17-11-2024,16:28:36,16
TXN-02259,card,35.76,Hot Chocolate,Night,Sun,Nov,7,11,17-11-2024,18:10:07,18
TXN-02260,card,35.76,Hot Chocolate,Night,Sun,Nov,7,11,17-11-2024,19:17:34,19
TXN-02261,card,35.76,Hot Chocolate,Night,Sun,Nov,7,11,17-11-2024,19:18:28,19
TXN-02262,card,30.86,Americano with Milk,Morning,Mon,Nov,1,11,18-11-2024,07:52:20,7
TXN-02263,card,30.86,Americano with Milk,Morning,Mon,Nov,1,11,18-11-2024,07:53:16,7
TXN-02264,card,35.76,Latte,Morning,Mon,Nov,1,11,18-11-2024,07:57:22,7
TXN-02265,card,35.76,Latte,Afternoon,Mon,Nov,1,11,18-11-2024,16:44:49,16
TXN-02266,card,35.76,Latte,Afternoon,Mon,Nov,1,11,18-11-2024,16:46:53,16
TXN-02267,card,35.76,Latte,Night,Mon,Nov,1,11,18-11-2024,18:50:54,18
TXN-02268,card,35.76,Cocoa,Morning,Tue,Nov,2,11,19-11-2024,07:49:01,7
TXN-02269,card,30.86,Americano with Milk,Morning,Tue,Nov,2,11,19-11-2024,07:51:14,7
TXN-02270,card,35.76,Latte,Morning,Tue,Nov,2,11,19-11-2024,07:52:13,7
TXN-02271,card,21.06,Espresso,Morning,Tue,Nov,2,11,19-11-2024,07:53:38,7
TXN-02272,card,35.76,Latte,Morning,Tue,Nov,2,11,19-11-2024,07:54:47,7
TXN-02273,card,30.86,Americano with Milk,Morning,Tue,Nov,2,11,19-11-2024,10:29:23,10
TXN-02274,card,35.76,Latte,Morning,Tue,Nov,2,11,19-11-2024,11:07:09,11
TXN-02275,card,35.76,Cocoa,Afternoon,Tue,Nov,2,11,19-11-2024,16:22:40,16
TXN-02276,card,35.76,Cocoa,Afternoon,Tue,Nov,2,11,19-11-2024,16:23:59,16
TXN-02277,card,35.76,Cappuccino,Afternoon,Tue,Nov,2,11,19-11-2024,16:41:04,16
TXN-02278,card,35.76,Cappuccino,Afternoon,Tue,Nov,2,11,19-11-2024,16:47:41,16
TXN-02279,card,30.86,Americano with Milk,Afternoon,Wed,Nov,3,11,20-11-2024,13:29:39,13
TXN-02280,card,35.76,Latte,Afternoon,Wed,Nov,3,11,20-11-2024,16:34:50,16
TXN-02281,card,35.76,Cappuccino,Night,Wed,Nov,3,11,20-11-2024,17:49:52,17
TXN-02282,card,35.76,Hot Chocolate,Night,Wed,Nov,3,11,20-11-2024,17:50:50,17
TXN-02283,card,25.96,Cortado,Morning,Thu,Nov,4,11,21-11-2024,11:06:11,11
TXN-02284,card,35.76,Latte,Afternoon,Thu,Nov,4,11,21-11-2024,12:33:36,12
TXN-02285,card,35.76,Cocoa,Afternoon,Thu,Nov,4,11,21-11-2024,12:59:45,12
TXN-02286,card,35.76,Cocoa,Afternoon,Thu,Nov,4,11,21-11-2024,13:00:47,13
TXN-02287,card,35.76,Latte,Afternoon,Thu,Nov,4,11,21-11-2024,16:14:14,16
TXN-02288,card,30.86,Americano with Milk,Night,Thu,Nov,4,11,21-11-2024,17:35:27,17
TXN-02289,card,25.96,Cortado,Night,Thu,Nov,4,11,21-11-2024,17:39:23,17
TXN-02290,card,35.76,Hot Chocolate,Night,Thu,Nov,4,11,21-11-2024,19:01:03,19
TXN-02291,card,35.76,Latte,Morning,Fri,Nov,5,11,22-11-2024,07:50:36,7
TXN-02292,card,35.76,Cappuccino,Morning,Fri,Nov,5,11,22-11-2024,10:03:43,10
TXN-02293,card,35.76,Latte,Morning,Fri,Nov,5,11,22-11-2024,11:02:32,11
TXN-02294,card,35.76,Cocoa,Morning,Fri,Nov,5,11,22-11-2024,11:24:26,11
TXN-02295,card,35.76,Hot Chocolate,Afternoon,Fri,Nov,5,11,22-11-2024,16:33:05,16
TXN-02296,card,35.76,Latte,Afternoon,Fri,Nov,5,11,22-11-2024,16:33:50,16
TXN-02297,card,25.96,Cortado,Morning,Sat,Nov,6,11,23-11-2024,09:10:46,9
TXN-02298,card,25.96,Cortado,Morning,Sat,Nov,6,11,23-11-2024,09:11:49,9
TXN-02299,card,35.76,Latte,Morning,Sat,Nov,6,11,23-11-2024,10:05:16,10
TXN-02300,card,35.76,Cappuccino,Morning,Sat,Nov,6,11,23-11-2024,11:03:00,11
TXN-02301,card,25.96,Americano,Morning,Sat,Nov,6,11,23-11-2024,11:09:28,11
TXN-02302,card,25.96,Americano,Morning,Sat,Nov,6,11,23-11-2024,11:10:26,11
TXN-02303,card,35.76,Hot Chocolate,Morning,Sat,Nov,6,11,23-11-2024,11:41:27,11
TXN-02304,card,35.76,Latte,Night,Sat,Nov,6,11,23-11-2024,22:37:04,22
TXN-02305,card,35.76,Latte,Morning,Sun,Nov,7,11,24-11-2024,08:17:07,8
TXN-02306,card,35.76,Cappuccino,Morning,Mon,Nov,1,11,25-11-2024,07:49:18,7
TXN-02307,card,35.76,Latte,Morning,Mon,Nov,1,11,25-11-2024,07:54:24,7
TXN-02308,card,30.86,Americano with Milk,Morning,Mon,Nov,1,11,25-11-2024,09:12:21,9
TXN-02309,card,25.96,Cortado,Morning,Mon,Nov,1,11,25-11-2024,10:38:08,10
TXN-02310,card,35.76,Latte,Afternoon,Mon,Nov,1,11,25-11-2024,12:50:58,12
TXN-02311,card,35.76,Latte,Afternoon,Mon,Nov,1,11,25-11-2024,12:52:41,12
TXN-02312,card,35.76,Hot Chocolate,Afternoon,Mon,Nov,1,11,25-11-2024,16:30:56,16
TXN-02313,card,30.86,Americano with Milk,Night,Mon,Nov,1,11,25-11-2024,19:01:59,19
TXN-02314,card,35.76,Hot Chocolate,Night,Mon,Nov,1,11,25-11-2024,19:37:58,19
TXN-02315,card,35.76,Hot Chocolate,Night,Mon,Nov,1,11,25-11-2024,21:42:15,21
TXN-02316,card,35.76,Cappuccino,Night,Mon,Nov,1,11,25-11-2024,21:43:00,21
TXN-02317,card,35.76,Latte,Morning,Tue,Nov,2,11,26-11-2024,07:54:38,7
TXN-02318,card,35.76,Cocoa,Morning,Tue,Nov,2,11,26-11-2024,11:02:56,11
TXN-02319,card,25.96,Americano,Morning,Tue,Nov,2,11,26-11-2024,11:03:47,11
TXN-02320,card,35.76,Cocoa,Morning,Tue,Nov,2,11,26-11-2024,11:06:09,11
TXN-02321,card,35.76,Cocoa,Morning,Tue,Nov,2,11,26-11-2024,11:07:10,11
TXN-02322,card,35.76,Latte,Afternoon,Tue,Nov,2,11,26-11-2024,16:03:54,16
TXN-02323,card,35.76,Latte,Afternoon,Tue,Nov,2,11,26-11-2024,16:05:01,16
TXN-02324,card,25.96,Americano,Night,Tue,Nov,2,11,26-11-2024,17:11:38,17
TXN-02325,card,30.86,Americano with Milk,Night,Tue,Nov,2,11,26-11-2024,17:12:34,17
TXN-02326,card,35.76,Cocoa,Night,Tue,Nov,2,11,26-11-2024,19:47:25,19
TXN-02327,card,35.76,Cappuccino,Morning,Thu,Nov,4,11,28-11-2024,08:41:17,8
TXN-02328,card,30.86,Americano with Milk,Morning,Thu,Nov,4,11,28-11-2024,09:14:01,9
TXN-02329,card,30.86,Americano with Milk,Night,Thu,Nov,4,11,28-11-2024,20:24:42,20
TXN-02330,card,35.76,Latte,Night,Thu,Nov,4,11,28-11-2024,20:25:46,20
TXN-02331,card,35.76,Latte,Night,Thu,Nov,4,11,28-11-2024,20:55:00,20
TXN-02332,card,35.76,Cappuccino,Night,Thu,Nov,4,11,28-11-2024,22:00:16,22
TXN-02333,card,35.76,Cocoa,Morning,Fri,Nov,5,11,29-11-2024,07:53:16,7
TXN-02334,card,35.76,Latte,Morning,Fri,Nov,5,11,29-11-2024,07:57:42,7
TXN-02335,card,30.86,Americano with Milk,Morning,Fri,Nov,5,11,29-11-2024,09:07:32,9
TXN-02336,card,30.86,Americano with Milk,Morning,Fri,Nov,5,11,29-11-2024,09:08:30,9
TXN-02337,card,30.86,Americano with Milk,Afternoon,Fri,Nov,5,11,29-11-2024,15:18:07,15
TXN-02338,card,35.76,Latte,Afternoon,Fri,Nov,5,11,29-11-2024,15:19:20,15
TXN-02339,card,35.76,Cocoa,Night,Fri,Nov,5,11,29-11-2024,20:57:55,20
TXN-02340,card,35.76,Cocoa,Afternoon,Sat,Nov,6,11,30-11-2024,12:58:12,12
TXN-02341,card,25.96,Americano,Afternoon,Sat,Nov,6,11,30-11-2024,14:04:56,14
TXN-02342,card,35.76,Hot Chocolate,Afternoon,Sat,Nov,6,11,30-11-2024,14:05:58,14
TXN-02343,card,35.76,Cocoa,Afternoon,Sat,Nov,6,11,30-11-2024,14:16:52,14
TXN-02344,card,30.86,Americano with Milk,Afternoon,Sat,Nov,6,11,30-11-2024,15:33:44,15
TXN-02345,card,30.86,Americano with Milk,Night,Sat,Nov,6,11,30-11-2024,22:03:48,22
TXN-02346,card,30.86,Americano with Milk,Morning,Sun,Dec,7,12,01-12-2024,10:15:32,10
TXN-02347,card,30.86,Americano with Milk,Morning,Sun,Dec,7,12,01-12-2024,10:16:32,10
TXN-02348,card,30.86,Americano with Milk,Morning,Sun,Dec,7,12,01-12-2024,10:22:47,10
TXN-02349,card,30.86,Americano with Milk,Afternoon,Sun,Dec,7,12,01-12-2024,14:34:23,14
TXN-02350,card,35.76,Cocoa,Afternoon,Sun,Dec,7,12,01-12-2024,15:09:13,15
TXN-02351,card,35.76,Cocoa,Afternoon,Sun,Dec,7,12,01-12-2024,15:09:57,15
TXN-02352,card,35.76,Cappuccino,Afternoon,Sun,Dec,7,12,01-12-2024,15:43:02,15
TXN-02353,card,35.76,Latte,Afternoon,Sun,Dec,7,12,01-12-2024,15:56:31,15
TXN-02354,card,35.76,Latte,Afternoon,Sun,Dec,7,12,01-12-2024,15:57:49,15
TXN-02355,card,35.76,Latte,Afternoon,Sun,Dec,7,12,01-12-2024,16:32:59,16
TXN-02356,card,35.76,Latte,Afternoon,Sun,Dec,7,12,01-12-2024,16:34:30,16
TXN-02357,card,30.86,Americano with Milk,Night,Sun,Dec,7,12,01-12-2024,17:10:24,17
TXN-02358,card,30.86,Americano with Milk,Night,Sun,Dec,7,12,01-12-2024,17:11:32,17
TXN-02359,card,30.86,Americano with Milk,Night,Sun,Dec,7,12,01-12-2024,18:38:29,18
TXN-02360,card,35.76,Latte,Morning,Mon,Dec,1,12,02-12-2024,07:50:37,7
TXN-02361,card,25.96,Americano,Morning,Mon,Dec,1,12,02-12-2024,07:51:59,7
TXN-02362,card,30.86,Americano with Milk,Morning,Mon,Dec,1,12,02-12-2024,08:21:30,8
TXN-02363,card,35.76,Cocoa,Morning,Mon,Dec,1,12,02-12-2024,08:53:14,8
TXN-02364,card,25.96,Cortado,Morning,Mon,Dec,1,12,02-12-2024,11:04:25,11
TXN-02365,card,21.06,Espresso,Afternoon,Mon,Dec,1,12,02-12-2024,15:28:24,15
TXN-02366,card,35.76,Cappuccino,Afternoon,Mon,Dec,1,12,02-12-2024,16:12:24,16
TXN-02367,card,25.96,Americano,Night,Mon,Dec,1,12,02-12-2024,17:34:22,17
TXN-02368,card,35.76,Cappuccino,Night,Mon,Dec,1,12,02-12-2024,18:00:32,18
TXN-02369,card,35.76,Latte,Morning,Tue,Dec,2,12,03-12-2024,08:11:19,8
TXN-02370,card,30.86,Americano with Milk,Morning,Tue,Dec,2,12,03-12-2024,09:23:31,9
TXN-02371,card,30.86,Americano with Milk,Morning,Tue,Dec,2,12,03-12-2024,09:24:27,9
TXN-02372,card,25.96,Americano,Morning,Tue,Dec,2,12,03-12-2024,11:17:58,11
TXN-02373,card,30.86,Americano with Milk,Morning,Tue,Dec,2,12,03-12-2024,11:42:08,11
TXN-02374,card,30.86,Americano with Milk,Morning,Tue,Dec,2,12,03-12-2024,11:43:16,11
TXN-02375,card,30.86,Americano with Milk,Morning,Tue,Dec,2,12,03-12-2024,11:45:54,11
TXN-02376,card,35.76,Cocoa,Night,Tue,Dec,2,12,03-12-2024,20:50:56,20
TXN-02377,card,35.76,Latte,Night,Tue,Dec,2,12,03-12-2024,21:33:17,21
TXN-02378,card,35.76,Cappuccino,Night,Tue,Dec,2,12,03-12-2024,21:34:13,21
TXN-02379,card,35.76,Hot Chocolate,Night,Tue,Dec,2,12,03-12-2024,21:35:19,21
TXN-02380,card,30.86,Americano with Milk,Night,Tue,Dec,2,12,03-12-2024,22:19:14,22
TXN-02381,card,35.76,Cappuccino,Night,Tue,Dec,2,12,03-12-2024,22:21:42,22
TXN-02382,card,25.96,Cortado,Morning,Wed,Dec,3,12,04-12-2024,08:32:48,8
TXN-02383,card,35.76,Latte,Morning,Wed,Dec,3,12,04-12-2024,08:50:30,8
TXN-02384,card,35.76,Latte,Morning,Wed,Dec,3,12,04-12-2024,08:52:15,8
TXN-02385,card,25.96,Americano,Morning,Wed,Dec,3,12,04-12-2024,09:04:14,9
TXN-02386,card,30.86,Americano with Milk,Morning,Wed,Dec,3,12,04-12-2024,10:23:01,10
TXN-02387,card,30.86,Americano with Milk,Morning,Wed,Dec,3,12,04-12-2024,10:24:08,10
TXN-02388,card,30.86,Americano with Milk,Morning,Wed,Dec,3,12,04-12-2024,10:26:58,10
TXN-02389,card,35.76,Hot Chocolate,Morning,Wed,Dec,3,12,04-12-2024,10:29:48,10
TXN-02390,card,30.86,Americano with Milk,Morning,Wed,Dec,3,12,04-12-2024,11:45:58,11
TXN-02391,card,35.76,Hot Chocolate,Afternoon,Wed,Dec,3,12,04-12-2024,14:33:55,14
TXN-02392,card,25.96,Americano,Morning,Thu,Dec,4,12,05-12-2024,08:53:48,8
TXN-02393,card,25.96,Cortado,Morning,Thu,Dec,4,12,05-12-2024,09:20:29,9
TXN-02394,card,30.86,Americano with Milk,Morning,Thu,Dec,4,12,05-12-2024,10:02:51,10
TXN-02395,card,30.86,Americano with Milk,Morning,Thu,Dec,4,12,05-12-2024,10:05:06,10
TXN-02396,card,35.76,Latte,Morning,Thu,Dec,4,12,05-12-2024,11:31:58,11
TXN-02397,card,25.96,Americano,Morning,Thu,Dec,4,12,05-12-2024,11:50:45,11
TXN-02398,card,35.76,Cappuccino,Afternoon,Thu,Dec,4,12,05-12-2024,14:30:58,14
TXN-02399,card,35.76,Latte,Afternoon,Thu,Dec,4,12,05-12-2024,15:21:19,15
TXN-02400,card,35.76,Latte,Afternoon,Thu,Dec,4,12,05-12-2024,16:02:10,16
TXN-02401,card,35.76,Latte,Morning,Fri,Dec,5,12,06-12-2024,11:42:18,11
TXN-02402,card,35.76,Hot Chocolate,Afternoon,Fri,Dec,5,12,06-12-2024,16:31:58,16
TXN-02403,card,35.76,Latte,Night,Fri,Dec,5,12,06-12-2024,22:30:33,22
TXN-02404,card,35.76,Hot Chocolate,Night,Fri,Dec,5,12,06-12-2024,22:31:30,22
TXN-02405,card,30.86,Americano with Milk,Morning,Sat,Dec,6,12,07-12-2024,11:17:10,11
TXN-02406,card,25.96,Americano,Afternoon,Sat,Dec,6,12,07-12-2024,14:16:43,14
TXN-02407,card,35.76,Latte,Afternoon,Sat,Dec,6,12,07-12-2024,15:44:05,15
TXN-02408,card,35.76,Cappuccino,Night,Sat,Dec,6,12,07-12-2024,19:11:13,19
TXN-02409,card,30.86,Americano with Milk,Night,Sat,Dec,6,12,07-12-2024,22:00:10,22
TXN-02410,card,25.96,Americano,Night,Sat,Dec,6,12,07-12-2024,22:28:17,22
TXN-02411,card,25.96,Cortado,Morning,Sun,Dec,7,12,08-12-2024,08:29:25,8
TXN-02412,card,35.76,Latte,Morning,Sun,Dec,7,12,08-12-2024,10:42:38,10
TXN-02413,card,35.76,Cappuccino,Morning,Sun,Dec,7,12,08-12-2024,10:43:43,10
TXN-02414,card,25.96,Cortado,Afternoon,Sun,Dec,7,12,08-12-2024,12:51:41,12
TXN-02415,card,30.86,Americano with Milk,Afternoon,Sun,Dec,7,12,08-12-2024,13:02:36,13
TXN-02416,card,30.86,Americano with Milk,Afternoon,Sun,Dec,7,12,08-12-2024,13:03:39,13
TXN-02417,card,35.76,Cappuccino,Night,Sun,Dec,7,12,08-12-2024,17:26:29,17
TXN-02418,card,21.06,Espresso,Night,Sun,Dec,7,12,08-12-2024,18:41:49,18
TXN-02419,card,35.76,Cappuccino,Night,Sun,Dec,7,12,08-12-2024,20:47:19,20
TXN-02420,card,30.86,Americano with Milk,Night,Sun,Dec,7,12,08-12-2024,21:28:30,21
TXN-02421,card,30.86,Americano with Milk,Night,Sun,Dec,7,12,08-12-2024,21:41:24,21
TXN-02422,card,35.76,Cappuccino,Morning,Mon,Dec,1,12,09-12-2024,08:32:41,8
TXN-02423,card,25.96,Americano,Morning,Mon,Dec,1,12,09-12-2024,09:12:25,9
TXN-02424,card,30.86,Americano with Milk,Morning,Mon,Dec,1,12,09-12-2024,09:33:57,9
TXN-02425,card,25.96,Cortado,Afternoon,Mon,Dec,1,12,09-12-2024,13:00:55,13
TXN-02426,card,35.76,Cocoa,Night,Mon,Dec,1,12,09-12-2024,21:21:51,21
TXN-02427,card,25.96,Cortado,Afternoon,Tue,Dec,2,12,10-12-2024,12:25:50,12
TXN-02428,card,35.76,Hot Chocolate,Night,Tue,Dec,2,12,10-12-2024,18:21:58,18
TXN-02429,card,35.76,Latte,Morning,Wed,Dec,3,12,11-12-2024,07:49:46,7
TXN-02430,card,25.96,Cortado,Morning,Wed,Dec,3,12,11-12-2024,10:45:48,10
TXN-02431,card,35.76,Hot Chocolate,Afternoon,Wed,Dec,3,12,11-12-2024,12:13:06,12
TXN-02432,card,21.06,Espresso,Afternoon,Wed,Dec,3,12,11-12-2024,12:56:48,12
TXN-02433,card,35.76,Cocoa,Night,Wed,Dec,3,12,11-12-2024,17:59:25,17
TXN-02434,card,35.76,Latte,Night,Wed,Dec,3,12,11-12-2024,21:01:08,21
TXN-02435,card,35.76,Latte,Night,Wed,Dec,3,12,11-12-2024,21:18:17,21
TXN-02436,card,30.86,Americano with Milk,Morning,Thu,Dec,4,12,12-12-2024,07:58:31,7
TXN-02437,card,25.96,Americano,Afternoon,Thu,Dec,4,12,12-12-2024,12:49:24,12
TXN-02438,card,21.06,Espresso,Afternoon,Thu,Dec,4,12,12-12-2024,16:55:02,16
TXN-02439,card,21.06,Espresso,Afternoon,Thu,Dec,4,12,12-12-2024,16:55:49,16
TXN-02440,card,25.96,Americano,Afternoon,Thu,Dec,4,12,12-12-2024,16:57:01,16
TXN-02441,card,35.76,Cocoa,Night,Thu,Dec,4,12,12-12-2024,19:50:01,19
TXN-02442,card,35.76,Cocoa,Night,Thu,Dec,4,12,12-12-2024,19:50:58,19
TXN-02443,card,25.96,Americano,Afternoon,Fri,Dec,5,12,13-12-2024,12:27:25,12
TXN-02444,card,25.96,Americano,Afternoon,Fri,Dec,5,12,13-12-2024,12:53:06,12
TXN-02445,card,35.76,Hot Chocolate,Afternoon,Fri,Dec,5,12,13-12-2024,12:54:40,12
TXN-02446,card,35.76,Hot Chocolate,Afternoon,Fri,Dec,5,12,13-12-2024,14:01:58,14
TXN-02447,card,35.76,Cocoa,Afternoon,Fri,Dec,5,12,13-12-2024,16:23:24,16
TXN-02448,card,35.76,Cappuccino,Night,Fri,Dec,5,12,13-12-2024,19:19:04,19
TXN-02449,card,35.76,Cappuccino,Night,Fri,Dec,5,12,13-12-2024,19:20:10,19
TXN-02450,card,35.76,Latte,Night,Fri,Dec,5,12,13-12-2024,21:35:42,21
TXN-02451,card,30.86,Americano with Milk,Morning,Sat,Dec,6,12,14-12-2024,08:27:32,8
TXN-02452,card,35.76,Cocoa,Morning,Sat,Dec,6,12,14-12-2024,09:03:06,9
TXN-02453,card,35.76,Cappuccino,Morning,Sat,Dec,6,12,14-12-2024,11:41:58,11
TXN-02454,card,25.96,Americano,Afternoon,Sat,Dec,6,12,14-12-2024,13:19:07,13
TXN-02455,card,35.76,Latte,Afternoon,Sat,Dec,6,12,14-12-2024,13:20:09,13
TXN-02456,card,35.76,Cocoa,Afternoon,Sat,Dec,6,12,14-12-2024,16:10:30,16
TXN-02457,card,25.96,Americano,Afternoon,Sat,Dec,6,12,14-12-2024,16:29:59,16
TXN-02458,card,25.96,Americano,Afternoon,Sat,Dec,6,12,14-12-2024,16:30:50,16
TXN-02459,card,25.96,Americano,Night,Sat,Dec,6,12,14-12-2024,17:00:16,17
TXN-02460,card,25.96,Americano,Night,Sat,Dec,6,12,14-12-2024,17:01:29,17
TXN-02461,card,30.86,Americano with Milk,Night,Sat,Dec,6,12,14-12-2024,18:23:44,18
TXN-02462,card,35.76,Latte,Morning,Sun,Dec,7,12,15-12-2024,11:09:25,11
TXN-02463,card,35.76,Cocoa,Morning,Sun,Dec,7,12,15-12-2024,11:10:26,11
TXN-02464,card,35.76,Hot Chocolate,Night,Sun,Dec,7,12,15-12-2024,17:58:05,17
TXN-02465,card,35.76,Latte,Morning,Mon,Dec,1,12,16-12-2024,07:52:18,7
TXN-02466,card,35.76,Hot Chocolate,Morning,Mon,Dec,1,12,16-12-2024,08:03:31,8
TXN-02467,card,35.76,Cocoa,Morning,Mon,Dec,1,12,16-12-2024,08:46:54,8
TXN-02468,card,30.86,Americano with Milk,Afternoon,Mon,Dec,1,12,16-12-2024,12:19:08,12
TXN-02469,card,35.76,Latte,Afternoon,Mon,Dec,1,12,16-12-2024,13:08:53,13
TXN-02470,card,35.76,Hot Chocolate,Afternoon,Mon,Dec,1,12,16-12-2024,14:13:18,14
TXN-02471,card,35.76,Latte,Night,Mon,Dec,1,12,16-12-2024,18:23:07,18
TXN-02472,card,30.86,Americano with Milk,Night,Mon,Dec,1,12,16-12-2024,18:24:01,18
TXN-02473,card,25.96,Cortado,Morning,Tue,Dec,2,12,17-12-2024,08:48:18,8
TXN-02474,card,35.76,Cappuccino,Morning,Tue,Dec,2,12,17-12-2024,08:52:33,8
TXN-02475,card,30.86,Americano with Milk,Morning,Tue,Dec,2,12,17-12-2024,10:49:06,10
TXN-02476,card,25.96,Americano,Afternoon,Tue,Dec,2,12,17-12-2024,16:22:35,16
TXN-02477,card,35.76,Cocoa,Afternoon,Tue,Dec,2,12,17-12-2024,16:23:37,16
TXN-02478,card,35.76,Cappuccino,Night,Tue,Dec,2,12,17-12-2024,17:14:22,17
TXN-02479,card,35.76,Cocoa,Night,Tue,Dec,2,12,17-12-2024,18:54:57,18
TXN-02480,card,35.76,Latte,Morning,Wed,Dec,3,12,18-12-2024,09:30:28,9
TXN-02481,card,30.86,Americano with Milk,Morning,Wed,Dec,3,12,18-12-2024,10:01:21,10
TXN-02482,card,35.76,Latte,Morning,Wed,Dec,3,12,18-12-2024,10:03:02,10
TXN-02483,card,35.76,Cappuccino,Morning,Wed,Dec,3,12,18-12-2024,10:04:03,10
TXN-02484,card,35.76,Hot Chocolate,Morning,Thu,Dec,4,12,19-12-2024,10:12:11,10
TXN-02485,card,30.86,Americano with Milk,Morning,Thu,Dec,4,12,19-12-2024,11:25:44,11
TXN-02486,card,21.06,Espresso,Afternoon,Thu,Dec,4,12,19-12-2024,12:10:52,12
TXN-02487,card,35.76,Hot Chocolate,Afternoon,Thu,Dec,4,12,19-12-2024,13:38:57,13
TXN-02488,card,35.76,Cappuccino,Night,Thu,Dec,4,12,19-12-2024,19:00:56,19
TXN-02489,card,35.76,Cappuccino,Night,Thu,Dec,4,12,19-12-2024,19:10:41,19
TXN-02490,card,30.86,Americano with Milk,Night,Thu,Dec,4,12,19-12-2024,19:48:18,19
TXN-02491,card,35.76,Hot Chocolate,Night,Thu,Dec,4,12,19-12-2024,19:49:43,19
TXN-02492,card,35.76,Latte,Night,Thu,Dec,4,12,19-12-2024,21:08:12,21
TXN-02493,card,35.76,Cappuccino,Night,Thu,Dec,4,12,19-12-2024,21:09:16,21
TXN-02494,card,25.96,Cortado,Morning,Fri,Dec,5,12,20-12-2024,08:14:52,8
TXN-02495,card,30.86,Americano with Milk,Morning,Fri,Dec,5,12,20-12-2024,09:39:30,9
TXN-02496,card,35.76,Cappuccino,Morning,Fri,Dec,5,12,20-12-2024,10:12:43,10
TXN-02497,card,25.96,Cortado,Morning,Fri,Dec,5,12,20-12-2024,10:55:29,10
TXN-02498,card,21.06,Espresso,Afternoon,Fri,Dec,5,12,20-12-2024,12:21:17,12
TXN-02499,card,30.86,Americano with Milk,Afternoon,Fri,Dec,5,12,20-12-2024,12:22:49,12
TXN-02500,card,25.96,Cortado,Afternoon,Fri,Dec,5,12,20-12-2024,14:58:20,14
TXN-02501,card,35.76,Cappuccino,Night,Fri,Dec,5,12,20-12-2024,18:28:22,18
TXN-02502,card,35.76,Cappuccino,Night,Fri,Dec,5,12,20-12-2024,18:57:13,18
TXN-02503,card,35.76,Cappuccino,Morning,Sat,Dec,6,12,21-12-2024,10:19:24,10
TXN-02504,card,35.76,Latte,Morning,Sat,Dec,6,12,21-12-2024,10:20:41,10
TXN-02505,card,25.96,Americano,Morning,Sat,Dec,6,12,21-12-2024,10:32:03,10
TXN-02506,card,35.76,Hot Chocolate,Afternoon,Sat,Dec,6,12,21-12-2024,15:33:04,15
TXN-02507,card,35.76,Latte,Afternoon,Sat,Dec,6,12,21-12-2024,15:33:50,15
TXN-02508,card,30.86,Americano with Milk,Afternoon,Sat,Dec,6,12,21-12-2024,15:35:29,15
TXN-02509,card,35.76,Latte,Afternoon,Sat,Dec,6,12,21-12-2024,15:58:07,15
TXN-02510,card,35.76,Cocoa,Night,Sat,Dec,6,12,21-12-2024,17:47:28,17
TXN-02511,card,35.76,Hot Chocolate,Night,Sat,Dec,6,12,21-12-2024,18:02:37,18
TXN-02512,card,25.96,Cortado,Night,Sat,Dec,6,12,21-12-2024,18:08:17,18
TXN-02513,card,30.86,Americano with Milk,Night,Sat,Dec,6,12,21-12-2024,19:48:13,19
TXN-02514,card,25.96,Cortado,Night,Sat,Dec,6,12,21-12-2024,19:49:46,19
TXN-02515,card,25.96,Cortado,Night,Sat,Dec,6,12,21-12-2024,21:49:47,21
TXN-02516,card,35.76,Latte,Night,Sat,Dec,6,12,21-12-2024,21:58:49,21
TXN-02517,card,25.96,Cortado,Night,Sat,Dec,6,12,21-12-2024,22:16:14,22
TXN-02518,card,35.76,Cappuccino,Morning,Sun,Dec,7,12,22-12-2024,10:42:56,10
TXN-02519,card,35.76,Cappuccino,Night,Sun,Dec,7,12,22-12-2024,18:55:45,18
TXN-02520,card,35.76,Hot Chocolate,Night,Sun,Dec,7,12,22-12-2024,19:35:46,19
TXN-02521,card,35.76,Hot Chocolate,Night,Sun,Dec,7,12,22-12-2024,19:36:30,19
TXN-02522,card,35.76,Hot Chocolate,Night,Sun,Dec,7,12,22-12-2024,20:26:37,20
TXN-02523,card,35.76,Cocoa,Night,Sun,Dec,7,12,22-12-2024,21:55:19,21
TXN-02524,card,25.96,Cortado,Night,Sun,Dec,7,12,22-12-2024,21:56:56,21
TXN-02525,card,25.96,Cortado,Morning,Mon,Dec,1,12,23-12-2024,09:03:21,9
TXN-02526,card,30.86,Americano with Milk,Morning,Mon,Dec,1,12,23-12-2024,09:22:18,9
TXN-02527,card,30.86,Americano with Milk,Morning,Mon,Dec,1,12,23-12-2024,10:42:03,10
TXN-02528,card,35.76,Cappuccino,Morning,Mon,Dec,1,12,23-12-2024,11:35:54,11
TXN-02529,card,35.76,Latte,Afternoon,Mon,Dec,1,12,23-12-2024,14:05:32,14
TXN-02530,card,30.86,Americano with Milk,Afternoon,Mon,Dec,1,12,23-12-2024,15:00:24,15
TXN-02531,card,35.76,Latte,Afternoon,Mon,Dec,1,12,23-12-2024,16:14:50,16
TXN-02532,card,25.96,Cortado,Night,Mon,Dec,1,12,23-12-2024,17:21:20,17
TXN-02533,card,35.76,Latte,Night,Mon,Dec,1,12,23-12-2024,17:22:40,17
TXN-02534,card,25.96,Cortado,Night,Mon,Dec,1,12,23-12-2024,20:46:07,20
TXN-02535,card,30.86,Americano with Milk,Afternoon,Tue,Dec,2,12,24-12-2024,15:10:43,15
TXN-02536,card,35.76,Hot Chocolate,Afternoon,Tue,Dec,2,12,24-12-2024,16:08:38,16
TXN-02537,card,25.96,Cortado,Night,Tue,Dec,2,12,24-12-2024,17:55:29,17
TXN-02538,card,35.76,Hot Chocolate,Night,Tue,Dec,2,12,24-12-2024,19:10:36,19
TXN-02539,card,35.76,Latte,Night,Tue,Dec,2,12,24-12-2024,19:11:37,19
TXN-02540,card,21.06,Espresso,Night,Tue,Dec,2,12,24-12-2024,19:12:35,19
TXN-02541,card,35.76,Cappuccino,Night,Tue,Dec,2,12,24-12-2024,19:36:02,19
TXN-02542,card,35.76,Latte,Morning,Wed,Dec,3,12,25-12-2024,10:43:57,10
TXN-02543,card,35.76,Latte,Morning,Wed,Dec,3,12,25-12-2024,10:45:02,10
TXN-02544,card,30.86,Americano with Milk,Afternoon,Wed,Dec,3,12,25-12-2024,12:35:03,12
TXN-02545,card,25.96,Americano,Afternoon,Wed,Dec,3,12,25-12-2024,12:36:00,12
TXN-02546,card,30.86,Americano with Milk,Afternoon,Wed,Dec,3,12,25-12-2024,13:17:11,13
TXN-02547,card,25.96,Americano,Afternoon,Wed,Dec,3,12,25-12-2024,13:32:48,13
TXN-02548,card,35.76,Cappuccino,Night,Wed,Dec,3,12,25-12-2024,20:02:40,20
TXN-02549,card,35.76,Cocoa,Night,Wed,Dec,3,12,25-12-2024,21:18:50,21
TXN-02550,card,35.76,Cocoa,Night,Wed,Dec,3,12,25-12-2024,21:19:42,21
TXN-02551,card,35.76,Latte,Night,Wed,Dec,3,12,25-12-2024,21:57:30,21
TXN-02552,card,35.76,Cappuccino,Night,Wed,Dec,3,12,25-12-2024,22:51:03,22
TXN-02553,card,30.86,Americano with Milk,Night,Wed,Dec,3,12,25-12-2024,22:53:06,22
TXN-02554,card,35.76,Cappuccino,Afternoon,Thu,Dec,4,12,26-12-2024,13:12:38,13
TXN-02555,card,21.06,Espresso,Afternoon,Thu,Dec,4,12,26-12-2024,15:04:34,15
TXN-02556,card,25.96,Americano,Morning,Fri,Dec,5,12,27-12-2024,07:50:21,7
TXN-02557,card,25.96,Cortado,Morning,Fri,Dec,5,12,27-12-2024,08:57:39,8
TXN-02558,card,25.96,Cortado,Morning,Fri,Dec,5,12,27-12-2024,09:09:55,9
TXN-02559,card,30.86,Americano with Milk,Morning,Fri,Dec,5,12,27-12-2024,10:12:53,10
TXN-02560,card,35.76,Latte,Night,Fri,Dec,5,12,27-12-2024,17:12:05,17
TXN-02561,card,25.96,Americano,Night,Fri,Dec,5,12,27-12-2024,19:47:28,19
TXN-02562,card,30.86,Americano with Milk,Night,Fri,Dec,5,12,27-12-2024,19:48:22,19
TXN-02563,card,35.76,Cocoa,Night,Fri,Dec,5,12,27-12-2024,22:54:33,22
TXN-02564,card,25.96,Cortado,Morning,Sat,Dec,6,12,28-12-2024,09:00:23,9
TXN-02565,card,25.96,Cortado,Morning,Sat,Dec,6,12,28-12-2024,09:50:38,9
TXN-02566,card,30.86,Americano with Milk,Morning,Sat,Dec,6,12,28-12-2024,10:18:44,10
TXN-02567,card,35.76,Latte,Morning,Sat,Dec,6,12,28-12-2024,10:52:03,10
TXN-02568,card,35.76,Cappuccino,Afternoon,Sat,Dec,6,12,28-12-2024,14:10:01,14
TXN-02569,card,35.76,Hot Chocolate,Afternoon,Sat,Dec,6,12,28-12-2024,14:13:17,14
TXN-02570,card,35.76,Latte,Night,Sat,Dec,6,12,28-12-2024,17:23:40,17
TXN-02571,card,35.76,Cappuccino,Night,Sat,Dec,6,12,28-12-2024,22:11:02,22
TXN-02572,card,25.96,Cortado,Afternoon,Sun,Dec,7,12,29-12-2024,13:46:16,13
TXN-02573,card,21.06,Espresso,Afternoon,Sun,Dec,7,12,29-12-2024,15:04:27,15
TXN-02574,card,25.96,Americano,Afternoon,Sun,Dec,7,12,29-12-2024,15:05:16,15
TXN-02575,card,25.96,Cortado,Night,Sun,Dec,7,12,29-12-2024,17:30:05,17
TXN-02576,card,21.06,Espresso,Night,Sun,Dec,7,12,29-12-2024,17:31:47,17
TXN-02577,card,25.96,Cortado,Night,Sun,Dec,7,12,29-12-2024,19:47:44,19
TXN-02578,card,35.76,Hot Chocolate,Night,Sun,Dec,7,12,29-12-2024,20:25:54,20
TXN-02579,card,35.76,Latte,Night,Sun,Dec,7,12,29-12-2024,21:17:19,21
TXN-02580,card,25.96,Cortado,Morning,Mon,Dec,1,12,30-12-2024,09:02:44,9
TXN-02581,card,30.86,Americano with Milk,Morning,Mon,Dec,1,12,30-12-2024,09:44:12,9
TXN-02582,card,35.76,Latte,Afternoon,Mon,Dec,1,12,30-12-2024,13:52:31,13
TXN-02583,card,35.76,Hot Chocolate,Afternoon,Mon,Dec,1,12,30-12-2024,13:53:39,13
TXN-02584,card,35.76,Latte,Afternoon,Mon,Dec,1,12,30-12-2024,15:12:45,15
TXN-02585,card,30.86,Americano with Milk,Afternoon,Mon,Dec,1,12,30-12-2024,15:13:39,15
TXN-02586,card,30.86,Americano with Milk,Afternoon,Mon,Dec,1,12,30-12-2024,16:29:54,16
TXN-02587,card,25.96,Americano,Afternoon,Mon,Dec,1,12,30-12-2024,16:31:29,16
TXN-02588,card,35.76,Cappuccino,Afternoon,Mon,Dec,1,12,30-12-2024,16:36:46,16
TXN-02589,card,25.96,Cortado,Morning,Tue,Dec,2,12,31-12-2024,08:52:29,8
TXN-02590,card,35.76,Cappuccino,Morning,Tue,Dec,2,12,31-12-2024,09:36:50,9
TXN-02591,card,25.96,Cortado,Morning,Tue,Dec,2,12,31-12-2024,09:39:41,9
TXN-02592,card,35.76,Cocoa,Morning,Tue,Dec,2,12,31-12-2024,09:45:29,9
TXN-02593,card,30.86,Americano with Milk,Morning,Tue,Dec,2,12,31-12-2024,10:26:53,10
TXN-02594,card,30.86,Americano with Milk,Morning,Tue,Dec,2,12,31-12-2024,10:29:28,10
TXN-02595,card,35.76,Cappuccino,Morning,Tue,Dec,2,12,31-12-2024,11:11:31,11
TXN-02596,card,30.86,Americano with Milk,Morning,Tue,Dec,2,12,31-12-2024,11:12:42,11
TXN-02597,card,21.06,Espresso,Afternoon,Tue,Dec,2,12,31-12-2024,15:42:14,15
TXN-02598,card,25.96,Americano,Afternoon,Tue,Dec,2,12,31-12-2024,15:43:13,15
TXN-02599,card,35.76,Cappuccino,Afternoon,Tue,Dec,2,12,31-12-2024,16:07:19,16
TXN-02600,card,35.76,Latte,Night,Tue,Dec,2,12,31-12-2024,17:10:18,17
TXN-02601,card,30.86,Americano with Milk,Night,Tue,Dec,2,12,31-12-2024,17:30:53,17
TXN-02602,card,35.76,Cappuccino,Night,Tue,Dec,2,12,31-12-2024,17:31:49,17
TXN-02603,card,35.76,Latte,Night,Tue,Dec,2,12,31-12-2024,19:07:25,19
TXN-02604,card,35.76,Hot Chocolate,Night,Tue,Dec,2,12,31-12-2024,19:08:39,19
TXN-02605,card,30.86,Americano with Milk,Morning,Thu,Jan,4,1,02-01-2025,09:58:05,9
TXN-02606,card,35.76,Cocoa,Afternoon,Thu,Jan,4,1,02-01-2025,13:29:40,13
TXN-02607,card,35.76,Cocoa,Afternoon,Thu,Jan,4,1,02-01-2025,13:30:39,13
TXN-02608,card,25.96,Cortado,Afternoon,Thu,Jan,4,1,02-01-2025,14:41:11,14
TXN-02609,card,25.96,Cortado,Afternoon,Thu,Jan,4,1,02-01-2025,14:42:46,14
TXN-02610,card,25.96,Americano,Afternoon,Thu,Jan,4,1,02-01-2025,16:22:32,16
TXN-02611,card,35.76,Hot Chocolate,Afternoon,Thu,Jan,4,1,02-01-2025,16:34:59,16
TXN-02612,card,30.86,Americano with Milk,Afternoon,Thu,Jan,4,1,02-01-2025,16:35:44,16
TXN-02613,card,35.76,Cappuccino,Night,Thu,Jan,4,1,02-01-2025,17:43:10,17
TXN-02614,card,25.96,Cortado,Morning,Fri,Jan,5,1,03-01-2025,09:03:23,9
TXN-02615,card,30.86,Americano with Milk,Morning,Fri,Jan,5,1,03-01-2025,10:10:31,10
TXN-02616,card,30.86,Americano with Milk,Afternoon,Fri,Jan,5,1,03-01-2025,16:58:09,16
TXN-02617,card,35.76,Cappuccino,Night,Fri,Jan,5,1,03-01-2025,22:13:29,22
TXN-02618,card,25.96,Americano,Night,Fri,Jan,5,1,03-01-2025,22:18:20,22
TXN-02619,card,25.96,Americano,Night,Fri,Jan,5,1,03-01-2025,22:19:14,22
TXN-02620,card,35.76,Latte,Night,Fri,Jan,5,1,03-01-2025,22:21:26,22
TXN-02621,card,25.96,Cortado,Morning,Sat,Jan,6,1,04-01-2025,08:58:27,8
TXN-02622,card,25.96,Americano,Morning,Sat,Jan,6,1,04-01-2025,09:59:28,9
TXN-02623,card,35.76,Cappuccino,Afternoon,Sat,Jan,6,1,04-01-2025,13:40:00,13
TXN-02624,card,35.76,Cocoa,Afternoon,Sat,Jan,6,1,04-01-2025,15:59:33,15
TXN-02625,card,30.86,Americano with Milk,Afternoon,Sat,Jan,6,1,04-01-2025,16:12:55,16
TXN-02626,card,35.76,Cappuccino,Afternoon,Sat,Jan,6,1,04-01-2025,16:14:10,16
TXN-02627,card,35.76,Cappuccino,Afternoon,Sat,Jan,6,1,04-01-2025,16:16:11,16
TXN-02628,card,25.96,Cortado,Afternoon,Sat,Jan,6,1,04-01-2025,16:18:04,16
TXN-02629,card,25.96,Americano,Night,Sat,Jan,6,1,04-01-2025,18:11:39,18
TXN-02630,card,35.76,Latte,Night,Sat,Jan,6,1,04-01-2025,22:23:31,22
TXN-02631,card,30.86,Americano with Milk,Morning,Sun,Jan,7,1,05-01-2025,09:45:58,9
TXN-02632,card,35.76,Latte,Morning,Sun,Jan,7,1,05-01-2025,10:53:01,10
TXN-02633,card,30.86,Americano with Milk,Night,Sun,Jan,7,1,05-01-2025,22:07:16,22
TXN-02634,card,25.96,Americano,Night,Mon,Jan,1,1,06-01-2025,19:58:51,19
TXN-02635,card,35.76,Cappuccino,Afternoon,Tue,Jan,2,1,07-01-2025,13:29:03,13
TXN-02636,card,35.76,Cocoa,Night,Tue,Jan,2,1,07-01-2025,22:32:45,22
TXN-02637,card,35.76,Cocoa,Night,Tue,Jan,2,1,07-01-2025,22:33:59,22
TXN-02638,card,30.86,Americano with Milk,Morning,Wed,Jan,3,1,08-01-2025,07:30:02,7
TXN-02639,card,35.76,Latte,Morning,Wed,Jan,3,1,08-01-2025,09:11:15,9
TXN-02640,card,25.96,Cortado,Morning,Wed,Jan,3,1,08-01-2025,10:30:29,10
TXN-02641,card,35.76,Cappuccino,Night,Wed,Jan,3,1,08-01-2025,17:22:52,17
TXN-02642,card,25.96,Americano,Morning,Thu,Jan,4,1,09-01-2025,08:07:08,8
TXN-02643,card,35.76,Latte,Morning,Thu,Jan,4,1,09-01-2025,08:56:35,8
TXN-02644,card,30.86,Americano with Milk,Morning,Thu,Jan,4,1,09-01-2025,09:02:32,9
TXN-02645,card,21.06,Espresso,Afternoon,Thu,Jan,4,1,09-01-2025,14:27:24,14
TXN-02646,card,35.76,Latte,Afternoon,Thu,Jan,4,1,09-01-2025,15:36:59,15
TXN-02647,card,30.86,Americano with Milk,Afternoon,Thu,Jan,4,1,09-01-2025,15:48:10,15
TXN-02648,card,25.96,Cortado,Afternoon,Thu,Jan,4,1,09-01-2025,15:49:12,15
TXN-02649,card,30.86,Americano with Milk,Night,Thu,Jan,4,1,09-01-2025,20:30:29,20
TXN-02650,card,35.76,Latte,Night,Thu,Jan,4,1,09-01-2025,22:10:21,22
TXN-02651,card,30.86,Americano with Milk,Morning,Fri,Jan,5,1,10-01-2025,08:49:21,8
TXN-02652,card,30.86,Americano with Milk,Morning,Fri,Jan,5,1,10-01-2025,09:16:36,9
TXN-02653,card,35.76,Cappuccino,Night,Fri,Jan,5,1,10-01-2025,17:51:19,17
TXN-02654,card,35.76,Hot Chocolate,Night,Fri,Jan,5,1,10-01-2025,17:55:53,17
TXN-02655,card,30.86,Americano with Milk,Night,Fri,Jan,5,1,10-01-2025,17:59:39,17
TXN-02656,card,30.86,Americano with Milk,Morning,Sat,Jan,6,1,11-01-2025,07:44:30,7
TXN-02657,card,35.76,Hot Chocolate,Morning,Sat,Jan,6,1,11-01-2025,10:49:41,10
TXN-02658,card,25.96,Americano,Morning,Sat,Jan,6,1,11-01-2025,11:13:54,11
TXN-02659,card,35.76,Latte,Morning,Sat,Jan,6,1,11-01-2025,11:20:18,11
TXN-02660,card,35.76,Latte,Morning,Sat,Jan,6,1,11-01-2025,11:21:26,11
TXN-02661,card,35.76,Latte,Afternoon,Sat,Jan,6,1,11-01-2025,12:10:59,12
TXN-02662,card,35.76,Latte,Afternoon,Sat,Jan,6,1,11-01-2025,12:13:25,12
TXN-02663,card,30.86,Americano with Milk,Afternoon,Sat,Jan,6,1,11-01-2025,14:12:55,14
TXN-02664,card,30.86,Americano with Milk,Afternoon,Sat,Jan,6,1,11-01-2025,14:15:38,14
TXN-02665,card,35.76,Cappuccino,Afternoon,Sat,Jan,6,1,11-01-2025,14:16:44,14
TXN-02666,card,35.76,Latte,Afternoon,Sat,Jan,6,1,11-01-2025,14:47:03,14
TXN-02667,card,25.96,Cortado,Night,Sat,Jan,6,1,11-01-2025,17:19:34,17
TXN-02668,card,35.76,Latte,Night,Sat,Jan,6,1,11-01-2025,17:20:57,17
TXN-02669,card,25.96,Cortado,Night,Sat,Jan,6,1,11-01-2025,17:22:05,17
TXN-02670,card,30.86,Americano with Milk,Night,Sat,Jan,6,1,11-01-2025,18:01:28,18
TXN-02671,card,30.86,Americano with Milk,Morning,Sun,Jan,7,1,12-01-2025,11:45:32,11
TXN-02672,card,25.96,Americano,Morning,Sun,Jan,7,1,12-01-2025,11:48:19,11
TXN-02673,card,30.86,Americano with Milk,Morning,Sun,Jan,7,1,12-01-2025,11:49:50,11
TXN-02674,card,35.76,Hot Chocolate,Afternoon,Sun,Jan,7,1,12-01-2025,16:15:59,16
TXN-02675,card,30.86,Americano with Milk,Night,Sun,Jan,7,1,12-01-2025,20:56:04,20
TXN-02676,card,30.86,Americano with Milk,Morning,Mon,Jan,1,1,13-01-2025,08:08:20,8
TXN-02677,card,30.86,Americano with Milk,Morning,Mon,Jan,1,1,13-01-2025,09:17:20,9
TXN-02678,card,25.96,Cortado,Afternoon,Mon,Jan,1,1,13-01-2025,13:02:57,13
TXN-02679,card,35.76,Latte,Afternoon,Mon,Jan,1,1,13-01-2025,13:50:47,13
TXN-02680,card,35.76,Latte,Afternoon,Mon,Jan,1,1,13-01-2025,14:11:27,14
TXN-02681,card,35.76,Cappuccino,Afternoon,Mon,Jan,1,1,13-01-2025,14:12:28,14
TXN-02682,card,35.76,Latte,Afternoon,Mon,Jan,1,1,13-01-2025,16:25:36,16
TXN-02683,card,21.06,Espresso,Night,Mon,Jan,1,1,13-01-2025,20:51:18,20
TXN-02684,card,35.76,Latte,Morning,Tue,Jan,2,1,14-01-2025,07:37:42,7
TXN-02685,card,25.96,Cortado,Morning,Tue,Jan,2,1,14-01-2025,09:53:43,9
TXN-02686,card,30.86,Americano with Milk,Morning,Tue,Jan,2,1,14-01-2025,10:21:46,10
TXN-02687,card,35.76,Latte,Afternoon,Tue,Jan,2,1,14-01-2025,12:49:14,12
TXN-02688,card,30.86,Americano with Milk,Afternoon,Tue,Jan,2,1,14-01-2025,16:18:19,16
TXN-02689,card,30.86,Americano with Milk,Afternoon,Tue,Jan,2,1,14-01-2025,16:19:27,16
TXN-02690,card,35.76,Cappuccino,Night,Tue,Jan,2,1,14-01-2025,19:41:56,19
TXN-02691,card,35.76,Latte,Night,Tue,Jan,2,1,14-01-2025,21:02:36,21
TXN-02692,card,30.86,Americano with Milk,Morning,Wed,Jan,3,1,15-01-2025,09:12:04,9
TXN-02693,card,25.96,Americano,Morning,Wed,Jan,3,1,15-01-2025,11:10:24,11
TXN-02694,card,35.76,Cappuccino,Afternoon,Wed,Jan,3,1,15-01-2025,13:14:15,13
TXN-02695,card,35.76,Latte,Afternoon,Wed,Jan,3,1,15-01-2025,15:35:22,15
TXN-02696,card,35.76,Cappuccino,Afternoon,Wed,Jan,3,1,15-01-2025,15:36:48,15
TXN-02697,card,35.76,Latte,Afternoon,Wed,Jan,3,1,15-01-2025,15:37:56,15
TXN-02698,card,35.76,Latte,Afternoon,Wed,Jan,3,1,15-01-2025,16:55:26,16
TXN-02699,card,35.76,Latte,Night,Wed,Jan,3,1,15-01-2025,18:06:12,18
TXN-02700,card,35.76,Latte,Night,Wed,Jan,3,1,15-01-2025,19:51:14,19
TXN-02701,card,35.76,Cappuccino,Night,Wed,Jan,3,1,15-01-2025,21:41:14,21
TXN-02702,card,35.76,Latte,Morning,Thu,Jan,4,1,16-01-2025,09:32:58,9
TXN-02703,card,30.86,Americano with Milk,Morning,Thu,Jan,4,1,16-01-2025,09:38:09,9
TXN-02704,card,30.86,Americano with Milk,Morning,Thu,Jan,4,1,16-01-2025,10:41:41,10
TXN-02705,card,25.96,Cortado,Afternoon,Thu,Jan,4,1,16-01-2025,12:12:16,12
TXN-02706,card,35.76,Latte,Afternoon,Thu,Jan,4,1,16-01-2025,15:16:19,15
TXN-02707,card,35.76,Latte,Afternoon,Thu,Jan,4,1,16-01-2025,16:35:11,16
TXN-02708,card,35.76,Cappuccino,Night,Thu,Jan,4,1,16-01-2025,18:15:57,18
TXN-02709,card,35.76,Hot Chocolate,Night,Thu,Jan,4,1,16-01-2025,21:16:00,21
TXN-02710,card,35.76,Hot Chocolate,Night,Thu,Jan,4,1,16-01-2025,21:16:59,21
TXN-02711,card,25.96,Cortado,Night,Thu,Jan,4,1,16-01-2025,21:40:13,21
TXN-02712,card,35.76,Cocoa,Morning,Fri,Jan,5,1,17-01-2025,07:38:20,7
TXN-02713,card,35.76,Latte,Morning,Fri,Jan,5,1,17-01-2025,08:26:21,8
TXN-02714,card,35.76,Cappuccino,Morning,Fri,Jan,5,1,17-01-2025,08:27:48,8
TXN-02715,card,30.86,Americano with Milk,Morning,Fri,Jan,5,1,17-01-2025,08:47:56,8
TXN-02716,card,30.86,Americano with Milk,Morning,Fri,Jan,5,1,17-01-2025,09:27:38,9
TXN-02717,card,35.76,Cocoa,Afternoon,Fri,Jan,5,1,17-01-2025,14:20:54,14
TXN-02718,card,35.76,Cocoa,Afternoon,Fri,Jan,5,1,17-01-2025,14:22:03,14
TXN-02719,card,35.76,Hot Chocolate,Night,Fri,Jan,5,1,17-01-2025,17:39:11,17
TXN-02720,card,35.76,Hot Chocolate,Night,Fri,Jan,5,1,17-01-2025,21:22:19,21
TXN-02721,card,30.86,Americano with Milk,Morning,Sat,Jan,6,1,18-01-2025,10:12:38,10
TXN-02722,card,35.76,Hot Chocolate,Afternoon,Sat,Jan,6,1,18-01-2025,16:33:40,16
TXN-02723,card,35.76,Latte,Afternoon,Sat,Jan,6,1,18-01-2025,16:35:14,16
TXN-02724,card,35.76,Hot Chocolate,Afternoon,Sat,Jan,6,1,18-01-2025,16:36:29,16
TXN-02725,card,30.86,Americano with Milk,Morning,Mon,Jan,1,1,20-01-2025,08:29:48,8
TXN-02726,card,30.86,Americano with Milk,Morning,Mon,Jan,1,1,20-01-2025,10:57:25,10
TXN-02727,card,25.96,Cortado,Morning,Mon,Jan,1,1,20-01-2025,11:40:24,11
TXN-02728,card,25.96,Americano,Afternoon,Mon,Jan,1,1,20-01-2025,12:04:50,12
TXN-02729,card,25.96,Cortado,Afternoon,Mon,Jan,1,1,20-01-2025,12:06:01,12
TXN-02730,card,30.86,Americano with Milk,Afternoon,Mon,Jan,1,1,20-01-2025,13:45:14,13
TXN-02731,card,35.76,Hot Chocolate,Night,Mon,Jan,1,1,20-01-2025,20:08:11,20
TXN-02732,card,35.76,Cappuccino,Night,Mon,Jan,1,1,20-01-2025,20:26:25,20
TXN-02733,card,35.76,Cappuccino,Night,Mon,Jan,1,1,20-01-2025,20:27:29,20
TXN-02734,card,35.76,Latte,Night,Mon,Jan,1,1,20-01-2025,21:13:45,21
TXN-02735,card,35.76,Cocoa,Morning,Tue,Jan,2,1,21-01-2025,08:05:04,8
TXN-02736,card,25.96,Cortado,Morning,Tue,Jan,2,1,21-01-2025,08:18:19,8
TXN-02737,card,30.86,Americano with Milk,Morning,Tue,Jan,2,1,21-01-2025,08:19:28,8
TXN-02738,card,25.96,Americano,Afternoon,Tue,Jan,2,1,21-01-2025,15:35:17,15
TXN-02739,card,35.76,Hot Chocolate,Night,Tue,Jan,2,1,21-01-2025,18:32:33,18
TXN-02740,card,35.76,Latte,Night,Tue,Jan,2,1,21-01-2025,18:54:13,18
TXN-02741,card,35.76,Latte,Night,Tue,Jan,2,1,21-01-2025,18:56:15,18
TXN-02742,card,25.96,Americano,Night,Tue,Jan,2,1,21-01-2025,19:15:21,19
TXN-02743,card,21.06,Espresso,Morning,Wed,Jan,3,1,22-01-2025,11:24:46,11
TXN-02744,card,30.86,Americano with Milk,Night,Wed,Jan,3,1,22-01-2025,17:32:07,17
TXN-02745,card,35.76,Cocoa,Night,Wed,Jan,3,1,22-01-2025,18:49:59,18
TXN-02746,card,30.86,Americano with Milk,Night,Wed,Jan,3,1,22-01-2025,19:10:26,19
TXN-02747,card,35.76,Cappuccino,Night,Wed,Jan,3,1,22-01-2025,19:11:23,19
TXN-02748,card,35.76,Latte,Night,Wed,Jan,3,1,22-01-2025,19:29:16,19
TXN-02749,card,30.86,Americano with Milk,Night,Wed,Jan,3,1,22-01-2025,20:14:31,20
TXN-02750,card,35.76,Cappuccino,Afternoon,Fri,Jan,5,1,24-01-2025,13:42:17,13
TXN-02751,card,25.96,Cortado,Afternoon,Fri,Jan,5,1,24-01-2025,13:43:38,13
TXN-02752,card,35.76,Cocoa,Afternoon,Fri,Jan,5,1,24-01-2025,15:28:39,15
TXN-02753,card,25.96,Americano,Night,Fri,Jan,5,1,24-01-2025,17:41:49,17
TXN-02754,card,35.76,Cocoa,Night,Fri,Jan,5,1,24-01-2025,21:16:26,21
TXN-02755,card,35.76,Hot Chocolate,Night,Fri,Jan,5,1,24-01-2025,22:31:56,22
TXN-02756,card,35.76,Latte,Night,Fri,Jan,5,1,24-01-2025,22:32:58,22
TXN-02757,card,35.76,Cappuccino,Afternoon,Sat,Jan,6,1,25-01-2025,13:21:04,13
TXN-02758,card,35.76,Cappuccino,Afternoon,Sat,Jan,6,1,25-01-2025,14:38:25,14
TXN-02759,card,25.96,Americano,Afternoon,Sat,Jan,6,1,25-01-2025,14:39:35,14
TXN-02760,card,25.96,Americano,Afternoon,Sun,Jan,7,1,26-01-2025,12:35:23,12
TXN-02761,card,21.06,Espresso,Afternoon,Sun,Jan,7,1,26-01-2025,12:36:34,12
TXN-02762,card,25.96,Cortado,Morning,Mon,Jan,1,1,27-01-2025,08:07:42,8
TXN-02763,card,25.96,Americano,Morning,Mon,Jan,1,1,27-01-2025,08:32:44,8
TXN-02764,card,35.76,Cappuccino,Afternoon,Mon,Jan,1,1,27-01-2025,12:05:02,12
TXN-02765,card,30.86,Americano with Milk,Afternoon,Mon,Jan,1,1,27-01-2025,13:45:09,13
TXN-02766,card,30.86,Americano with Milk,Afternoon,Mon,Jan,1,1,27-01-2025,15:27:54,15
TXN-02767,card,25.96,Cortado,Afternoon,Mon,Jan,1,1,27-01-2025,15:29:01,15
TXN-02768,card,30.86,Americano with Milk,Afternoon,Mon,Jan,1,1,27-01-2025,15:30:13,15
TXN-02769,card,35.76,Latte,Night,Mon,Jan,1,1,27-01-2025,18:55:19,18
TXN-02770,card,35.76,Latte,Night,Mon,Jan,1,1,27-01-2025,19:02:40,19
TXN-02771,card,35.76,Latte,Night,Mon,Jan,1,1,27-01-2025,19:03:45,19
TXN-02772,card,35.76,Latte,Morning,Tue,Jan,2,1,28-01-2025,08:26:37,8
TXN-02773,card,25.96,Americano,Morning,Tue,Jan,2,1,28-01-2025,09:33:17,9
TXN-02774,card,30.86,Americano with Milk,Morning,Tue,Jan,2,1,28-01-2025,11:56:27,11
TXN-02775,card,25.96,Americano,Afternoon,Tue,Jan,2,1,28-01-2025,12:22:01,12
TXN-02776,card,35.76,Cocoa,Afternoon,Tue,Jan,2,1,28-01-2025,16:19:08,16
TXN-02777,card,25.96,Cortado,Afternoon,Tue,Jan,2,1,28-01-2025,16:20:45,16
TXN-02778,card,25.96,Americano,Night,Tue,Jan,2,1,28-01-2025,17:40:01,17
TXN-02779,card,35.76,Latte,Night,Tue,Jan,2,1,28-01-2025,20:11:51,20
TXN-02780,card,35.76,Cappuccino,Night,Tue,Jan,2,1,28-01-2025,20:13:45,20
TXN-02781,card,25.96,Americano,Morning,Wed,Jan,3,1,29-01-2025,09:38:47,9
TXN-02782,card,25.96,Americano,Afternoon,Wed,Jan,3,1,29-01-2025,16:25:37,16
TXN-02783,card,30.86,Americano with Milk,Night,Wed,Jan,3,1,29-01-2025,19:19:08,19
TXN-02784,card,21.06,Espresso,Night,Wed,Jan,3,1,29-01-2025,19:20:35,19
TXN-02785,card,30.86,Americano with Milk,Morning,Thu,Jan,4,1,30-01-2025,09:18:06,9
TXN-02786,card,30.86,Americano with Milk,Morning,Thu,Jan,4,1,30-01-2025,10:12:34,10
TXN-02787,card,25.96,Cortado,Morning,Thu,Jan,4,1,30-01-2025,11:26:29,11
TXN-02788,card,35.76,Hot Chocolate,Afternoon,Thu,Jan,4,1,30-01-2025,12:42:16,12
TXN-02789,card,25.96,Americano,Afternoon,Thu,Jan,4,1,30-01-2025,13:02:01,13
TXN-02790,card,30.86,Americano with Milk,Afternoon,Thu,Jan,4,1,30-01-2025,14:41:42,14
TXN-02791,card,35.76,Hot Chocolate,Night,Thu,Jan,4,1,30-01-2025,17:18:48,17
TXN-02792,card,30.86,Americano with Milk,Night,Thu,Jan,4,1,30-01-2025,18:24:07,18
TXN-02793,card,25.96,Cortado,Night,Thu,Jan,4,1,30-01-2025,18:41:50,18
TXN-02794,card,25.96,Americano,Morning,Fri,Jan,5,1,31-01-2025,08:40:51,8
TXN-02795,card,30.86,Americano with Milk,Morning,Fri,Jan,5,1,31-01-2025,08:41:45,8
TXN-02796,card,30.86,Americano with Milk,Morning,Fri,Jan,5,1,31-01-2025,09:17:15,9
TXN-02797,card,35.76,Cocoa,Morning,Fri,Jan,5,1,31-01-2025,09:20:11,9
TXN-02798,card,35.76,Cappuccino,Morning,Fri,Jan,5,1,31-01-2025,09:26:47,9
TXN-02799,card,35.76,Cappuccino,Morning,Fri,Jan,5,1,31-01-2025,09:27:48,9
TXN-02800,card,35.76,Latte,Afternoon,Fri,Jan,5,1,31-01-2025,12:31:01,12
TXN-02801,card,35.76,Latte,Afternoon,Fri,Jan,5,1,31-01-2025,12:54:26,12
TXN-02802,card,35.76,Cappuccino,Afternoon,Fri,Jan,5,1,31-01-2025,14:02:58,14
TXN-02803,card,30.86,Americano with Milk,Afternoon,Fri,Jan,5,1,31-01-2025,16:48:34,16
TXN-02804,card,30.86,Americano with Milk,Night,Fri,Jan,5,1,31-01-2025,22:35:59,22
TXN-02805,card,25.96,Americano,Night,Fri,Jan,5,1,31-01-2025,22:37:02,22
TXN-02806,card,30.86,Americano with Milk,Morning,Sat,Feb,6,2,01-02-2025,08:50:24,8
TXN-02807,card,30.86,Americano with Milk,Morning,Sat,Feb,6,2,01-02-2025,10:07:23,10
TXN-02808,card,25.96,Cortado,Afternoon,Sat,Feb,6,2,01-02-2025,13:14:47,13
TXN-02809,card,25.96,Cortado,Afternoon,Sat,Feb,6,2,01-02-2025,13:15:29,13
TXN-02810,card,35.76,Cappuccino,Afternoon,Sat,Feb,6,2,01-02-2025,14:35:19,14
TXN-02811,card,35.76,Cappuccino,Afternoon,Sat,Feb,6,2,01-02-2025,14:36:17,14
TXN-02812,card,35.76,Latte,Afternoon,Sat,Feb,6,2,01-02-2025,15:49:59,15
TXN-02813,card,35.76,Cappuccino,Night,Sat,Feb,6,2,01-02-2025,18:57:14,18
TXN-02814,card,30.86,Americano with Milk,Night,Sat,Feb,6,2,01-02-2025,19:53:16,19
TXN-02815,card,30.86,Americano with Milk,Night,Sat,Feb,6,2,01-02-2025,19:54:24,19
TXN-02816,card,30.86,Americano with Milk,Night,Sat,Feb,6,2,01-02-2025,21:37:02,21
TXN-02817,card,35.76,Cappuccino,Morning,Sun,Feb,7,2,02-02-2025,10:56:22,10
TXN-02818,card,35.76,Cappuccino,Morning,Sun,Feb,7,2,02-02-2025,10:57:38,10
TXN-02819,card,35.76,Latte,Afternoon,Sun,Feb,7,2,02-02-2025,12:54:32,12
TXN-02820,card,35.76,Latte,Afternoon,Sun,Feb,7,2,02-02-2025,12:56:05,12
TXN-02821,card,30.86,Americano with Milk,Afternoon,Sun,Feb,7,2,02-02-2025,14:22:57,14
TXN-02822,card,35.76,Latte,Afternoon,Sun,Feb,7,2,02-02-2025,16:45:08,16
TXN-02823,card,35.76,Latte,Afternoon,Sun,Feb,7,2,02-02-2025,16:46:57,16
TXN-02824,card,35.76,Cappuccino,Morning,Mon,Feb,1,2,03-02-2025,07:03:25,7
TXN-02825,card,30.86,Americano with Milk,Morning,Mon,Feb,1,2,03-02-2025,07:04:57,7
TXN-02826,card,21.06,Espresso,Morning,Mon,Feb,1,2,03-02-2025,08:04:04,8
TXN-02827,card,30.86,Americano with Milk,Morning,Mon,Feb,1,2,03-02-2025,08:09:09,8
TXN-02828,card,25.96,Americano,Morning,Mon,Feb,1,2,03-02-2025,10:15:39,10
TXN-02829,card,35.76,Cappuccino,Morning,Mon,Feb,1,2,03-02-2025,10:22:18,10
TXN-02830,card,30.86,Americano with Milk,Morning,Mon,Feb,1,2,03-02-2025,10:49:59,10
TXN-02831,card,35.76,Cappuccino,Afternoon,Mon,Feb,1,2,03-02-2025,13:25:02,13
TXN-02832,card,35.76,Cappuccino,Afternoon,Mon,Feb,1,2,03-02-2025,13:32:54,13
TXN-02833,card,25.96,Americano,Afternoon,Mon,Feb,1,2,03-02-2025,13:51:03,13
TXN-02834,card,25.96,Americano,Afternoon,Mon,Feb,1,2,03-02-2025,14:06:37,14
TXN-02835,card,35.76,Latte,Afternoon,Mon,Feb,1,2,03-02-2025,14:47:02,14
TXN-02836,card,35.76,Latte,Afternoon,Mon,Feb,1,2,03-02-2025,14:50:21,14
TXN-02837,card,35.76,Latte,Afternoon,Mon,Feb,1,2,03-02-2025,15:01:45,15
TXN-02838,card,25.96,Americano,Afternoon,Mon,Feb,1,2,03-02-2025,15:41:27,15
TXN-02839,card,35.76,Cocoa,Night,Mon,Feb,1,2,03-02-2025,17:01:27,17
TXN-02840,card,30.86,Americano with Milk,Night,Mon,Feb,1,2,03-02-2025,17:09:55,17
TXN-02841,card,30.86,Americano with Milk,Night,Mon,Feb,1,2,03-02-2025,17:11:07,17
TXN-02842,card,30.86,Americano with Milk,Night,Mon,Feb,1,2,03-02-2025,17:12:05,17
TXN-02843,card,35.76,Hot Chocolate,Night,Mon,Feb,1,2,03-02-2025,17:13:22,17
TXN-02844,card,35.76,Latte,Night,Mon,Feb,1,2,03-02-2025,17:14:18,17
TXN-02845,card,35.76,Hot Chocolate,Night,Mon,Feb,1,2,03-02-2025,17:15:41,17
TXN-02846,card,30.86,Americano with Milk,Night,Mon,Feb,1,2,03-02-2025,17:44:18,17
TXN-02847,card,25.96,Americano,Night,Mon,Feb,1,2,03-02-2025,18:09:00,18
TXN-02848,card,35.76,Cocoa,Night,Mon,Feb,1,2,03-02-2025,20:44:14,20
TXN-02849,card,30.86,Americano with Milk,Morning,Tue,Feb,2,2,04-02-2025,10:04:57,10
TXN-02850,card,25.96,Americano,Morning,Tue,Feb,2,2,04-02-2025,10:11:31,10
TXN-02851,card,30.86,Americano with Milk,Afternoon,Tue,Feb,2,2,04-02-2025,12:35:58,12
TXN-02852,card,25.96,Cortado,Afternoon,Tue,Feb,2,2,04-02-2025,13:07:39,13
TXN-02853,card,25.96,Americano,Afternoon,Tue,Feb,2,2,04-02-2025,14:15:14,14
TXN-02854,card,30.86,Americano with Milk,Afternoon,Tue,Feb,2,2,04-02-2025,14:17:36,14
TXN-02855,card,25.96,Americano,Afternoon,Tue,Feb,2,2,04-02-2025,14:19:49,14
TXN-02856,card,30.86,Americano with Milk,Night,Tue,Feb,2,2,04-02-2025,18:13:42,18
TXN-02857,card,35.76,Cocoa,Night,Tue,Feb,2,2,04-02-2025,19:05:22,19
TXN-02858,card,35.76,Cocoa,Night,Tue,Feb,2,2,04-02-2025,19:09:37,19
TXN-02859,card,35.76,Cocoa,Night,Tue,Feb,2,2,04-02-2025,19:10:28,19
TXN-02860,card,25.96,Cortado,Night,Tue,Feb,2,2,04-02-2025,19:27:27,19
TXN-02861,card,30.86,Americano with Milk,Morning,Wed,Feb,3,2,05-02-2025,08:42:11,8
TXN-02862,card,30.86,Americano with Milk,Morning,Wed,Feb,3,2,05-02-2025,09:10:44,9
TXN-02863,card,25.96,Americano,Morning,Wed,Feb,3,2,05-02-2025,11:49:36,11
TXN-02864,card,25.96,Americano,Morning,Wed,Feb,3,2,05-02-2025,11:50:42,11
TXN-02865,card,25.96,Americano,Morning,Wed,Feb,3,2,05-02-2025,11:51:45,11
TXN-02866,card,30.86,Americano with Milk,Morning,Wed,Feb,3,2,05-02-2025,11:58:36,11
TXN-02867,card,25.96,Americano,Afternoon,Wed,Feb,3,2,05-02-2025,12:10:47,12
TXN-02868,card,25.96,Americano,Afternoon,Wed,Feb,3,2,05-02-2025,13:20:46,13
TXN-02869,card,21.06,Espresso,Afternoon,Wed,Feb,3,2,05-02-2025,13:43:43,13
TXN-02870,card,21.06,Espresso,Afternoon,Wed,Feb,3,2,05-02-2025,13:44:29,13
TXN-02871,card,35.76,Cappuccino,Afternoon,Wed,Feb,3,2,05-02-2025,14:57:53,14
TXN-02872,card,35.76,Cappuccino,Afternoon,Wed,Feb,3,2,05-02-2025,15:50:59,15
TXN-02873,card,35.76,Hot Chocolate,Afternoon,Wed,Feb,3,2,05-02-2025,16:34:20,16
TXN-02874,card,35.76,Latte,Afternoon,Wed,Feb,3,2,05-02-2025,16:35:33,16
TXN-02875,card,35.76,Latte,Afternoon,Wed,Feb,3,2,05-02-2025,16:36:34,16
TXN-02876,card,35.76,Cocoa,Afternoon,Wed,Feb,3,2,05-02-2025,16:39:02,16
TXN-02877,card,35.76,Hot Chocolate,Afternoon,Wed,Feb,3,2,05-02-2025,16:41:10,16
TXN-02878,card,35.76,Cappuccino,Night,Wed,Feb,3,2,05-02-2025,18:18:34,18
TXN-02879,card,35.76,Cappuccino,Night,Wed,Feb,3,2,05-02-2025,18:19:49,18
TXN-02880,card,35.76,Cocoa,Night,Wed,Feb,3,2,05-02-2025,18:20:51,18
TXN-02881,card,30.86,Americano with Milk,Night,Wed,Feb,3,2,05-02-2025,18:25:29,18
TXN-02882,card,35.76,Cappuccino,Night,Wed,Feb,3,2,05-02-2025,18:45:42,18
TXN-02883,card,35.76,Hot Chocolate,Night,Wed,Feb,3,2,05-02-2025,19:06:46,19
TXN-02884,card,35.76,Cocoa,Night,Wed,Feb,3,2,05-02-2025,20:03:21,20
TXN-02885,card,30.86,Americano with Milk,Morning,Thu,Feb,4,2,06-02-2025,07:16:49,7
TXN-02886,card,25.96,Americano,Afternoon,Thu,Feb,4,2,06-02-2025,13:59:21,13
TXN-02887,card,30.86,Americano with Milk,Afternoon,Thu,Feb,4,2,06-02-2025,14:55:32,14
TXN-02888,card,35.76,Cappuccino,Afternoon,Thu,Feb,4,2,06-02-2025,14:59:22,14
TXN-02889,card,35.76,Cocoa,Afternoon,Thu,Feb,4,2,06-02-2025,16:14:50,16
TXN-02890,card,35.76,Cocoa,Night,Thu,Feb,4,2,06-02-2025,17:09:46,17
TXN-02891,card,35.76,Cocoa,Night,Thu,Feb,4,2,06-02-2025,17:54:25,17
TXN-02892,card,35.76,Cappuccino,Night,Thu,Feb,4,2,06-02-2025,19:53:13,19
TXN-02893,card,21.06,Espresso,Night,Thu,Feb,4,2,06-02-2025,19:55:07,19
TXN-02894,card,35.76,Cocoa,Night,Thu,Feb,4,2,06-02-2025,20:06:59,20
TXN-02895,card,35.76,Cocoa,Night,Thu,Feb,4,2,06-02-2025,20:07:47,20
TXN-02896,card,35.76,Latte,Night,Thu,Feb,4,2,06-02-2025,20:23:14,20
TXN-02897,card,30.86,Americano with Milk,Morning,Fri,Feb,5,2,07-02-2025,08:44:50,8
TXN-02898,card,30.86,Americano with Milk,Morning,Fri,Feb,5,2,07-02-2025,09:07:05,9
TXN-02899,card,25.96,Americano,Morning,Fri,Feb,5,2,07-02-2025,10:49:23,10
TXN-02900,card,35.76,Cocoa,Afternoon,Fri,Feb,5,2,07-02-2025,12:09:39,12
TXN-02901,card,30.86,Americano with Milk,Afternoon,Fri,Feb,5,2,07-02-2025,12:51:22,12
TXN-02902,card,25.96,Americano,Afternoon,Fri,Feb,5,2,07-02-2025,12:58:52,12
TXN-02903,card,25.96,Cortado,Afternoon,Fri,Feb,5,2,07-02-2025,16:04:11,16
TXN-02904,card,35.76,Latte,Afternoon,Fri,Feb,5,2,07-02-2025,16:22:13,16
TXN-02905,card,35.76,Hot Chocolate,Afternoon,Fri,Feb,5,2,07-02-2025,16:23:14,16
TXN-02906,card,35.76,Latte,Afternoon,Fri,Feb,5,2,07-02-2025,16:24:35,16
TXN-02907,card,35.76,Cocoa,Night,Fri,Feb,5,2,07-02-2025,18:42:37,18
TXN-02908,card,35.76,Cocoa,Night,Fri,Feb,5,2,07-02-2025,18:43:36,18
TXN-02909,card,25.96,Cortado,Night,Fri,Feb,5,2,07-02-2025,18:44:31,18
TXN-02910,card,35.76,Cocoa,Night,Fri,Feb,5,2,07-02-2025,18:45:23,18
TXN-02911,card,35.76,Cocoa,Night,Fri,Feb,5,2,07-02-2025,20:10:59,20
TXN-02912,card,25.96,Cortado,Night,Fri,Feb,5,2,07-02-2025,20:30:57,20
TXN-02913,card,25.96,Americano,Morning,Sat,Feb,6,2,08-02-2025,09:01:43,9
TXN-02914,card,30.86,Americano with Milk,Morning,Sat,Feb,6,2,08-02-2025,10:56:17,10
TXN-02915,card,25.96,Cortado,Morning,Sat,Feb,6,2,08-02-2025,11:02:41,11
TXN-02916,card,25.96,Americano,Morning,Sat,Feb,6,2,08-02-2025,11:39:34,11
TXN-02917,card,25.96,Americano,Afternoon,Sat,Feb,6,2,08-02-2025,12:46:13,12
TXN-02918,card,25.96,Americano,Afternoon,Sat,Feb,6,2,08-02-2025,13:26:48,13
TXN-02919,card,25.96,Americano,Afternoon,Sat,Feb,6,2,08-02-2025,15:07:04,15
TXN-02920,card,25.96,Americano,Afternoon,Sat,Feb,6,2,08-02-2025,15:08:09,15
TXN-02921,card,35.76,Cocoa,Morning,Sun,Feb,7,2,09-02-2025,08:49:24,8
TXN-02922,card,30.86,Americano with Milk,Morning,Sun,Feb,7,2,09-02-2025,10:31:09,10
TXN-02923,card,25.96,Americano,Morning,Sun,Feb,7,2,09-02-2025,10:51:28,10
TXN-02924,card,35.76,Latte,Afternoon,Sun,Feb,7,2,09-02-2025,12:05:05,12
TXN-02925,card,35.76,Cocoa,Afternoon,Sun,Feb,7,2,09-02-2025,15:13:09,15
TXN-02926,card,35.76,Latte,Afternoon,Sun,Feb,7,2,09-02-2025,15:14:02,15
TXN-02927,card,35.76,Hot Chocolate,Afternoon,Sun,Feb,7,2,09-02-2025,15:15:58,15
TXN-02928,card,35.76,Cocoa,Afternoon,Sun,Feb,7,2,09-02-2025,15:16:52,15
TXN-02929,card,25.96,Cortado,Afternoon,Sun,Feb,7,2,09-02-2025,16:20:19,16
TXN-02930,card,25.96,Americano,Morning,Mon,Feb,1,2,10-02-2025,07:01:47,7
TXN-02931,card,25.96,Americano,Morning,Mon,Feb,1,2,10-02-2025,08:16:32,8
TXN-02932,card,25.96,Americano,Morning,Mon,Feb,1,2,10-02-2025,08:24:56,8
TXN-02933,card,30.86,Americano with Milk,Morning,Mon,Feb,1,2,10-02-2025,11:11:43,11
TXN-02934,card,25.96,Americano,Afternoon,Mon,Feb,1,2,10-02-2025,13:08:50,13
TXN-02935,card,35.76,Cocoa,Afternoon,Mon,Feb,1,2,10-02-2025,13:11:06,13
TXN-02936,card,30.86,Americano with Milk,Afternoon,Mon,Feb,1,2,10-02-2025,13:26:55,13
TXN-02937,card,25.96,Americano,Afternoon,Mon,Feb,1,2,10-02-2025,13:40:13,13
TXN-02938,card,35.76,Latte,Afternoon,Mon,Feb,1,2,10-02-2025,14:01:52,14
TXN-02939,card,25.96,Americano,Afternoon,Mon,Feb,1,2,10-02-2025,14:07:41,14
TXN-02940,card,35.76,Cocoa,Afternoon,Mon,Feb,1,2,10-02-2025,14:11:46,14
TXN-02941,card,35.76,Cocoa,Afternoon,Mon,Feb,1,2,10-02-2025,14:15:45,14
TXN-02942,card,35.76,Cappuccino,Afternoon,Mon,Feb,1,2,10-02-2025,15:01:55,15
TXN-02943,card,30.86,Americano with Milk,Afternoon,Mon,Feb,1,2,10-02-2025,15:14:01,15
TXN-02944,card,35.76,Latte,Afternoon,Mon,Feb,1,2,10-02-2025,15:46:03,15
TXN-02945,card,35.76,Hot Chocolate,Afternoon,Mon,Feb,1,2,10-02-2025,15:47:44,15
TXN-02946,card,35.76,Cocoa,Afternoon,Mon,Feb,1,2,10-02-2025,16:20:55,16
TXN-02947,card,25.96,Americano,Night,Mon,Feb,1,2,10-02-2025,17:12:02,17
TXN-02948,card,30.86,Americano with Milk,Night,Mon,Feb,1,2,10-02-2025,18:27:15,18
TXN-02949,card,35.76,Latte,Night,Mon,Feb,1,2,10-02-2025,19:14:01,19
TXN-02950,card,35.76,Latte,Night,Mon,Feb,1,2,10-02-2025,19:14:54,19
TXN-02951,card,25.96,Americano,Morning,Tue,Feb,2,2,11-02-2025,10:38:26,10
TXN-02952,card,25.96,Americano,Morning,Tue,Feb,2,2,11-02-2025,11:19:15,11
TXN-02953,card,30.86,Americano with Milk,Morning,Tue,Feb,2,2,11-02-2025,11:20:12,11
TXN-02954,card,35.76,Cocoa,Morning,Tue,Feb,2,2,11-02-2025,11:21:08,11
TXN-02955,card,35.76,Hot Chocolate,Afternoon,Tue,Feb,2,2,11-02-2025,15:56:50,15
TXN-02956,card,30.86,Americano with Milk,Afternoon,Tue,Feb,2,2,11-02-2025,16:09:08,16
TXN-02957,card,21.06,Espresso,Afternoon,Tue,Feb,2,2,11-02-2025,16:49:41,16
TXN-02958,card,35.76,Latte,Night,Tue,Feb,2,2,11-02-2025,17:35:35,17
TXN-02959,card,30.86,Americano with Milk,Night,Tue,Feb,2,2,11-02-2025,17:36:42,17
TXN-02960,card,30.86,Americano with Milk,Night,Tue,Feb,2,2,11-02-2025,17:44:13,17
TXN-02961,card,25.96,Americano,Night,Tue,Feb,2,2,11-02-2025,17:50:40,17
TXN-02962,card,30.86,Americano with Milk,Night,Tue,Feb,2,2,11-02-2025,17:54:38,17
TXN-02963,card,35.76,Latte,Night,Tue,Feb,2,2,11-02-2025,19:04:11,19
TXN-02964,card,35.76,Cocoa,Night,Tue,Feb,2,2,11-02-2025,19:05:04,19
TXN-02965,card,35.76,Cappuccino,Morning,Wed,Feb,3,2,12-02-2025,07:16:57,7
TXN-02966,card,25.96,Americano,Morning,Wed,Feb,3,2,12-02-2025,07:35:38,7
TXN-02967,card,35.76,Cocoa,Morning,Wed,Feb,3,2,12-02-2025,08:54:36,8
TXN-02968,card,30.86,Americano with Milk,Morning,Wed,Feb,3,2,12-02-2025,09:19:46,9
TXN-02969,card,25.96,Americano,Morning,Wed,Feb,3,2,12-02-2025,10:43:13,10
TXN-02970,card,25.96,Americano,Afternoon,Wed,Feb,3,2,12-02-2025,12:43:29,12
TXN-02971,card,25.96,Americano,Afternoon,Wed,Feb,3,2,12-02-2025,13:08:09,13
TXN-02972,card,35.76,Hot Chocolate,Afternoon,Wed,Feb,3,2,12-02-2025,13:41:40,13
TXN-02973,card,35.76,Hot Chocolate,Afternoon,Wed,Feb,3,2,12-02-2025,15:41:25,15
TXN-02974,card,35.76,Latte,Afternoon,Wed,Feb,3,2,12-02-2025,15:42:17,15
TXN-02975,card,35.76,Hot Chocolate,Afternoon,Wed,Feb,3,2,12-02-2025,15:43:35,15
TXN-02976,card,25.96,Americano,Afternoon,Wed,Feb,3,2,12-02-2025,16:12:58,16
TXN-02977,card,25.96,Americano,Afternoon,Wed,Feb,3,2,12-02-2025,16:26:09,16
TXN-02978,card,35.76,Cappuccino,Night,Wed,Feb,3,2,12-02-2025,17:05:32,17
TXN-02979,card,25.96,Americano,Night,Wed,Feb,3,2,12-02-2025,17:42:51,17
TXN-02980,card,35.76,Latte,Night,Wed,Feb,3,2,12-02-2025,20:05:41,20
TXN-02981,card,35.76,Cocoa,Night,Wed,Feb,3,2,12-02-2025,20:23:13,20
TXN-02982,card,35.76,Cappuccino,Night,Wed,Feb,3,2,12-02-2025,21:17:04,21
TXN-02983,card,30.86,Americano with Milk,Morning,Thu,Feb,4,2,13-02-2025,07:38:48,7
TXN-02984,card,25.96,Americano,Morning,Thu,Feb,4,2,13-02-2025,08:45:57,8
TXN-02985,card,21.06,Espresso,Morning,Thu,Feb,4,2,13-02-2025,09:17:21,9
TXN-02986,card,35.76,Cocoa,Morning,Thu,Feb,4,2,13-02-2025,09:36:05,9
TXN-02987,card,30.86,Americano with Milk,Morning,Thu,Feb,4,2,13-02-2025,10:29:33,10
TXN-02988,card,30.86,Americano with Milk,Morning,Thu,Feb,4,2,13-02-2025,10:59:27,10
TXN-02989,card,25.96,Americano,Afternoon,Thu,Feb,4,2,13-02-2025,16:30:39,16
TXN-02990,card,25.96,Americano,Afternoon,Thu,Feb,4,2,13-02-2025,16:31:34,16
TXN-02991,card,30.86,Americano with Milk,Night,Thu,Feb,4,2,13-02-2025,17:16:12,17
TXN-02992,card,30.86,Americano with Milk,Night,Thu,Feb,4,2,13-02-2025,17:17:20,17
TXN-02993,card,35.76,Latte,Night,Thu,Feb,4,2,13-02-2025,18:01:35,18
TXN-02994,card,35.76,Cappuccino,Night,Thu,Feb,4,2,13-02-2025,18:15:09,18
TXN-02995,card,35.76,Latte,Night,Thu,Feb,4,2,13-02-2025,19:06:30,19
TXN-02996,card,25.96,Americano,Morning,Fri,Feb,5,2,14-02-2025,11:38:56,11
TXN-02997,card,35.76,Hot Chocolate,Afternoon,Fri,Feb,5,2,14-02-2025,14:07:09,14
TXN-02998,card,25.96,Americano,Afternoon,Fri,Feb,5,2,14-02-2025,14:46:00,14
TXN-02999,card,21.06,Espresso,Afternoon,Fri,Feb,5,2,14-02-2025,14:46:45,14
TXN-03000,card,30.86,Americano with Milk,Afternoon,Fri,Feb,5,2,14-02-2025,14:58:12,14
TXN-03001,card,35.76,Cappuccino,Afternoon,Fri,Feb,5,2,14-02-2025,15:00:17,15
TXN-03002,card,35.76,Cappuccino,Afternoon,Fri,Feb,5,2,14-02-2025,15:36:41,15
TXN-03003,card,35.76,Latte,Afternoon,Fri,Feb,5,2,14-02-2025,15:38:47,15
TXN-03004,card,35.76,Hot Chocolate,Afternoon,Fri,Feb,5,2,14-02-2025,15:53:56,15
TXN-03005,card,35.76,Cappuccino,Afternoon,Fri,Feb,5,2,14-02-2025,15:54:57,15
TXN-03006,card,25.96,Americano,Night,Fri,Feb,5,2,14-02-2025,17:03:16,17
TXN-03007,card,35.76,Cocoa,Night,Fri,Feb,5,2,14-02-2025,17:04:30,17
TXN-03008,card,21.06,Espresso,Night,Fri,Feb,5,2,14-02-2025,17:09:08,17
TXN-03009,card,30.86,Americano with Milk,Night,Fri,Feb,5,2,14-02-2025,17:25:25,17
TXN-03010,card,25.96,Americano,Night,Fri,Feb,5,2,14-02-2025,21:18:30,21
TXN-03011,card,35.76,Cappuccino,Morning,Sat,Feb,6,2,15-02-2025,09:22:52,9
TXN-03012,card,35.76,Cappuccino,Afternoon,Sat,Feb,6,2,15-02-2025,12:41:54,12
TXN-03013,card,25.96,Americano,Afternoon,Sat,Feb,6,2,15-02-2025,12:44:27,12
TXN-03014,card,30.86,Americano with Milk,Afternoon,Sat,Feb,6,2,15-02-2025,13:02:20,13
TXN-03015,card,30.86,Americano with Milk,Afternoon,Sat,Feb,6,2,15-02-2025,13:32:06,13
TXN-03016,card,35.76,Cappuccino,Afternoon,Sat,Feb,6,2,15-02-2025,14:01:51,14
TXN-03017,card,25.96,Americano,Afternoon,Sat,Feb,6,2,15-02-2025,14:11:54,14
TXN-03018,card,35.76,Hot Chocolate,Afternoon,Sat,Feb,6,2,15-02-2025,15:40:08,15
TXN-03019,card,35.76,Hot Chocolate,Afternoon,Sat,Feb,6,2,15-02-2025,15:40:59,15
TXN-03020,card,25.96,Americano,Morning,Sun,Feb,7,2,16-02-2025,10:46:43,10
TXN-03021,card,25.96,Americano,Morning,Sun,Feb,7,2,16-02-2025,10:50:01,10
TXN-03022,card,30.86,Americano with Milk,Morning,Sun,Feb,7,2,16-02-2025,10:51:04,10
TXN-03023,card,35.76,Hot Chocolate,Morning,Sun,Feb,7,2,16-02-2025,11:04:48,11
TXN-03024,card,25.96,Americano,Morning,Sun,Feb,7,2,16-02-2025,11:32:29,11
TXN-03025,card,35.76,Hot Chocolate,Afternoon,Sun,Feb,7,2,16-02-2025,14:15:37,14
TXN-03026,card,35.76,Latte,Afternoon,Sun,Feb,7,2,16-02-2025,14:16:41,14
TXN-03027,card,35.76,Hot Chocolate,Night,Sun,Feb,7,2,16-02-2025,17:12:27,17
TXN-03028,card,30.86,Americano with Milk,Night,Sun,Feb,7,2,16-02-2025,17:13:33,17
TXN-03029,card,30.86,Americano with Milk,Night,Sun,Feb,7,2,16-02-2025,17:44:33,17
TXN-03030,card,35.76,Cappuccino,Morning,Mon,Feb,1,2,17-02-2025,06:50:04,6
TXN-03031,card,25.96,Americano,Morning,Mon,Feb,1,2,17-02-2025,08:53:14,8
TXN-03032,card,25.96,Americano,Morning,Mon,Feb,1,2,17-02-2025,09:00:55,9
TXN-03033,card,30.86,Americano with Milk,Morning,Mon,Feb,1,2,17-02-2025,09:28:07,9
TXN-03034,card,35.76,Hot Chocolate,Morning,Mon,Feb,1,2,17-02-2025,09:56:59,9
TXN-03035,card,30.86,Americano with Milk,Morning,Mon,Feb,1,2,17-02-2025,10:20:12,10
TXN-03036,card,25.96,Americano,Morning,Mon,Feb,1,2,17-02-2025,10:44:48,10
TXN-03037,card,30.86,Americano with Milk,Morning,Mon,Feb,1,2,17-02-2025,11:53:59,11
TXN-03038,card,21.06,Espresso,Morning,Mon,Feb,1,2,17-02-2025,11:55:02,11
TXN-03039,card,35.76,Cappuccino,Afternoon,Mon,Feb,1,2,17-02-2025,12:48:58,12
TXN-03040,card,35.76,Latte,Afternoon,Mon,Feb,1,2,17-02-2025,14:23:02,14
TXN-03041,card,30.86,Americano with Milk,Afternoon,Mon,Feb,1,2,17-02-2025,15:05:42,15
TXN-03042,card,35.76,Latte,Afternoon,Mon,Feb,1,2,17-02-2025,15:33:20,15
TXN-03043,card,21.06,Espresso,Afternoon,Mon,Feb,1,2,17-02-2025,16:19:06,16
TXN-03044,card,25.96,Americano,Afternoon,Mon,Feb,1,2,17-02-2025,16:22:42,16
TXN-03045,card,30.86,Americano with Milk,Night,Mon,Feb,1,2,17-02-2025,17:31:14,17
TXN-03046,card,25.96,Americano,Night,Mon,Feb,1,2,17-02-2025,18:23:53,18
TXN-03047,card,25.96,Americano,Night,Mon,Feb,1,2,17-02-2025,19:13:52,19
TXN-03048,card,25.96,Americano,Night,Mon,Feb,1,2,17-02-2025,19:15:01,19
TXN-03049,card,35.76,Latte,Night,Mon,Feb,1,2,17-02-2025,20:18:17,20
TXN-03050,card,25.96,Americano,Morning,Tue,Feb,2,2,18-02-2025,08:53:09,8
TXN-03051,card,25.96,Americano,Morning,Tue,Feb,2,2,18-02-2025,08:54:14,8
TXN-03052,card,25.96,Americano,Morning,Tue,Feb,2,2,18-02-2025,11:07:35,11
TXN-03053,card,25.96,Americano,Morning,Tue,Feb,2,2,18-02-2025,11:30:06,11
TXN-03054,card,30.86,Americano with Milk,Morning,Tue,Feb,2,2,18-02-2025,11:38:24,11
TXN-03055,card,30.86,Americano with Milk,Afternoon,Tue,Feb,2,2,18-02-2025,12:15:27,12
TXN-03056,card,35.76,Cocoa,Afternoon,Tue,Feb,2,2,18-02-2025,13:04:27,13
TXN-03057,card,25.96,Americano,Afternoon,Tue,Feb,2,2,18-02-2025,13:25:45,13
TXN-03058,card,30.86,Americano with Milk,Afternoon,Tue,Feb,2,2,18-02-2025,13:27:05,13
TXN-03059,card,35.76,Hot Chocolate,Night,Tue,Feb,2,2,18-02-2025,17:05:28,17
TXN-03060,card,30.86,Americano with Milk,Night,Tue,Feb,2,2,18-02-2025,17:08:19,17
TXN-03061,card,21.06,Espresso,Night,Tue,Feb,2,2,18-02-2025,17:09:17,17
TXN-03062,card,35.76,Cocoa,Night,Tue,Feb,2,2,18-02-2025,17:10:23,17
TXN-03063,card,35.76,Cocoa,Night,Tue,Feb,2,2,18-02-2025,17:11:36,17
TXN-03064,card,35.76,Cocoa,Night,Tue,Feb,2,2,18-02-2025,19:36:27,19
TXN-03065,card,35.76,Cocoa,Night,Tue,Feb,2,2,18-02-2025,20:06:56,20
TXN-03066,card,35.76,Hot Chocolate,Night,Tue,Feb,2,2,18-02-2025,20:58:13,20
TXN-03067,card,30.86,Americano with Milk,Night,Tue,Feb,2,2,18-02-2025,21:02:00,21
TXN-03068,card,35.76,Cappuccino,Morning,Wed,Feb,3,2,19-02-2025,08:08:53,8
TXN-03069,card,25.96,Americano,Morning,Wed,Feb,3,2,19-02-2025,08:09:54,8
TXN-03070,card,25.96,Americano,Morning,Wed,Feb,3,2,19-02-2025,08:47:33,8
TXN-03071,card,35.76,Cappuccino,Morning,Wed,Feb,3,2,19-02-2025,09:24:32,9
TXN-03072,card,25.96,Americano,Morning,Wed,Feb,3,2,19-02-2025,10:09:51,10
TXN-03073,card,35.76,Hot Chocolate,Morning,Wed,Feb,3,2,19-02-2025,10:19:01,10
TXN-03074,card,30.86,Americano with Milk,Morning,Wed,Feb,3,2,19-02-2025,10:40:52,10
TXN-03075,card,25.96,Americano,Afternoon,Wed,Feb,3,2,19-02-2025,12:45:06,12
TXN-03076,card,35.76,Cocoa,Afternoon,Wed,Feb,3,2,19-02-2025,12:46:04,12
TXN-03077,card,25.96,Americano,Afternoon,Wed,Feb,3,2,19-02-2025,13:06:54,13
TXN-03078,card,35.76,Cappuccino,Afternoon,Wed,Feb,3,2,19-02-2025,15:50:43,15
TXN-03079,card,25.96,Americano,Night,Wed,Feb,3,2,19-02-2025,17:04:00,17
TXN-03080,card,35.76,Cappuccino,Night,Wed,Feb,3,2,19-02-2025,17:34:49,17
TXN-03081,card,30.86,Americano with Milk,Night,Wed,Feb,3,2,19-02-2025,17:57:52,17
TXN-03082,card,35.76,Cappuccino,Night,Wed,Feb,3,2,19-02-2025,18:35:39,18
TXN-03083,card,35.76,Latte,Night,Wed,Feb,3,2,19-02-2025,19:01:33,19
TXN-03084,card,35.76,Cocoa,Night,Wed,Feb,3,2,19-02-2025,19:11:50,19
TXN-03085,card,35.76,Hot Chocolate,Night,Wed,Feb,3,2,19-02-2025,19:12:43,19
TXN-03086,card,35.76,Latte,Night,Wed,Feb,3,2,19-02-2025,19:26:23,19
TXN-03087,card,35.76,Cocoa,Night,Wed,Feb,3,2,19-02-2025,20:05:28,20
TXN-03088,card,35.76,Cappuccino,Morning,Thu,Feb,4,2,20-02-2025,07:56:25,7
TXN-03089,card,25.96,Americano,Morning,Thu,Feb,4,2,20-02-2025,09:17:53,9
TXN-03090,card,35.76,Cappuccino,Morning,Thu,Feb,4,2,20-02-2025,10:16:40,10
TXN-03091,card,25.96,Americano,Morning,Thu,Feb,4,2,20-02-2025,10:17:39,10
TXN-03092,card,25.96,Americano,Morning,Thu,Feb,4,2,20-02-2025,10:20:25,10
TXN-03093,card,25.96,Americano,Morning,Thu,Feb,4,2,20-02-2025,10:24:24,10
TXN-03094,card,30.86,Americano with Milk,Afternoon,Thu,Feb,4,2,20-02-2025,13:02:20,13
TXN-03095,card,35.76,Latte,Afternoon,Thu,Feb,4,2,20-02-2025,14:20:33,14
TXN-03096,card,25.96,Americano,Afternoon,Thu,Feb,4,2,20-02-2025,14:38:00,14
TXN-03097,card,25.96,Americano,Afternoon,Thu,Feb,4,2,20-02-2025,14:38:49,14
TXN-03098,card,21.06,Espresso,Afternoon,Thu,Feb,4,2,20-02-2025,15:19:46,15
TXN-03099,card,35.76,Cappuccino,Afternoon,Thu,Feb,4,2,20-02-2025,16:05:50,16
TXN-03100,card,35.76,Cappuccino,Afternoon,Thu,Feb,4,2,20-02-2025,16:59:07,16
TXN-03101,card,35.76,Hot Chocolate,Night,Thu,Feb,4,2,20-02-2025,17:00:37,17
TXN-03102,card,25.96,Americano,Night,Thu,Feb,4,2,20-02-2025,17:07:28,17
TXN-03103,card,25.96,Americano,Night,Thu,Feb,4,2,20-02-2025,18:57:35,18
TXN-03104,card,35.76,Hot Chocolate,Night,Thu,Feb,4,2,20-02-2025,19:01:51,19
TXN-03105,card,35.76,Cocoa,Night,Thu,Feb,4,2,20-02-2025,19:07:26,19
TXN-03106,card,35.76,Latte,Night,Thu,Feb,4,2,20-02-2025,20:07:04,20
TXN-03107,card,25.96,Americano,Morning,Fri,Feb,5,2,21-02-2025,06:59:08,6
TXN-03108,card,35.76,Latte,Morning,Fri,Feb,5,2,21-02-2025,09:41:30,9
TXN-03109,card,35.76,Cappuccino,Morning,Fri,Feb,5,2,21-02-2025,09:49:21,9
TXN-03110,card,21.06,Espresso,Morning,Fri,Feb,5,2,21-02-2025,09:51:13,9
TXN-03111,card,25.96,Americano,Morning,Fri,Feb,5,2,21-02-2025,10:18:11,10
TXN-03112,card,30.86,Americano with Milk,Morning,Fri,Feb,5,2,21-02-2025,11:10:08,11
TXN-03113,card,25.96,Americano,Afternoon,Fri,Feb,5,2,21-02-2025,12:04:49,12
TXN-03114,card,25.96,Americano,Afternoon,Fri,Feb,5,2,21-02-2025,12:07:43,12
TXN-03115,card,25.96,Americano,Afternoon,Fri,Feb,5,2,21-02-2025,12:56:18,12
TXN-03116,card,25.96,Americano,Afternoon,Fri,Feb,5,2,21-02-2025,12:57:03,12
TXN-03117,card,25.96,Americano,Afternoon,Fri,Feb,5,2,21-02-2025,13:06:43,13
TXN-03118,card,25.96,Americano,Afternoon,Fri,Feb,5,2,21-02-2025,14:17:55,14
TXN-03119,card,35.76,Cappuccino,Afternoon,Fri,Feb,5,2,21-02-2025,15:18:31,15
TXN-03120,card,25.96,Americano,Afternoon,Fri,Feb,5,2,21-02-2025,15:45:54,15
TXN-03121,card,25.96,Americano,Afternoon,Fri,Feb,5,2,21-02-2025,15:46:48,15
TXN-03122,card,25.96,Americano,Afternoon,Fri,Feb,5,2,21-02-2025,15:52:48,15
TXN-03123,card,35.76,Cocoa,Afternoon,Fri,Feb,5,2,21-02-2025,16:10:06,16
TXN-03124,card,35.76,Latte,Afternoon,Fri,Feb,5,2,21-02-2025,16:46:59,16
TXN-03125,card,35.76,Hot Chocolate,Afternoon,Fri,Feb,5,2,21-02-2025,16:48:59,16
TXN-03126,card,35.76,Latte,Afternoon,Fri,Feb,5,2,21-02-2025,16:50:13,16
TXN-03127,card,35.76,Cocoa,Night,Fri,Feb,5,2,21-02-2025,19:08:19,19
TXN-03128,card,35.76,Cocoa,Night,Fri,Feb,5,2,21-02-2025,19:09:10,19
TXN-03129,card,35.76,Cappuccino,Night,Fri,Feb,5,2,21-02-2025,19:59:24,19
TXN-03130,card,35.76,Hot Chocolate,Morning,Sat,Feb,6,2,22-02-2025,10:52:19,10
TXN-03131,card,25.96,Americano,Morning,Sat,Feb,6,2,22-02-2025,11:28:30,11
TXN-03132,card,25.96,Americano,Morning,Sat,Feb,6,2,22-02-2025,11:41:13,11
TXN-03133,card,21.06,Espresso,Afternoon,Sat,Feb,6,2,22-02-2025,12:59:42,12
TXN-03134,card,30.86,Americano with Milk,Afternoon,Sat,Feb,6,2,22-02-2025,15:03:03,15
TXN-03135,card,30.86,Americano with Milk,Morning,Sun,Feb,7,2,23-02-2025,10:33:12,10
TXN-03136,card,30.86,Americano with Milk,Afternoon,Sun,Feb,7,2,23-02-2025,12:52:26,12
TXN-03137,card,30.86,Americano with Milk,Afternoon,Sun,Feb,7,2,23-02-2025,12:54:06,12
TXN-03138,card,35.76,Cappuccino,Afternoon,Sun,Feb,7,2,23-02-2025,13:50:22,13
TXN-03139,card,35.76,Cocoa,Afternoon,Sun,Feb,7,2,23-02-2025,14:02:03,14
TXN-03140,card,25.96,Americano,Night,Sun,Feb,7,2,23-02-2025,17:27:45,17
TXN-03141,card,30.86,Americano with Milk,Morning,Mon,Feb,1,2,24-02-2025,09:14:54,9
TXN-03142,card,35.76,Latte,Morning,Mon,Feb,1,2,24-02-2025,09:45:11,9
TXN-03143,card,25.96,Americano,Morning,Mon,Feb,1,2,24-02-2025,10:02:49,10
TXN-03144,card,30.86,Americano with Milk,Morning,Mon,Feb,1,2,24-02-2025,10:09:12,10
TXN-03145,card,30.86,Americano with Milk,Morning,Mon,Feb,1,2,24-02-2025,10:10:22,10
TXN-03146,card,35.76,Cocoa,Morning,Mon,Feb,1,2,24-02-2025,10:47:48,10
TXN-03147,card,35.76,Latte,Afternoon,Mon,Feb,1,2,24-02-2025,12:58:41,12
TXN-03148,card,35.76,Cocoa,Afternoon,Mon,Feb,1,2,24-02-2025,13:00:01,13
TXN-03149,card,30.86,Americano with Milk,Afternoon,Mon,Feb,1,2,24-02-2025,15:40:02,15
TXN-03150,card,35.76,Cocoa,Afternoon,Mon,Feb,1,2,24-02-2025,16:00:06,16
TXN-03151,card,35.76,Cappuccino,Afternoon,Mon,Feb,1,2,24-02-2025,16:10:24,16
TXN-03152,card,35.76,Latte,Afternoon,Mon,Feb,1,2,24-02-2025,16:28:52,16
TXN-03153,card,25.96,Americano,Afternoon,Mon,Feb,1,2,24-02-2025,16:59:39,16
TXN-03154,card,25.96,Americano,Night,Mon,Feb,1,2,24-02-2025,17:00:45,17
TXN-03155,card,30.86,Americano with Milk,Night,Mon,Feb,1,2,24-02-2025,17:37:39,17
TXN-03156,card,30.86,Americano with Milk,Night,Mon,Feb,1,2,24-02-2025,18:07:02,18
TXN-03157,card,35.76,Latte,Night,Mon,Feb,1,2,24-02-2025,18:21:57,18
TXN-03158,card,30.86,Americano with Milk,Night,Mon,Feb,1,2,24-02-2025,19:04:34,19
TXN-03159,card,35.76,Hot Chocolate,Night,Mon,Feb,1,2,24-02-2025,19:24:11,19
TXN-03160,card,35.76,Latte,Night,Mon,Feb,1,2,24-02-2025,19:24:54,19
TXN-03161,card,35.76,Cocoa,Night,Mon,Feb,1,2,24-02-2025,19:26:15,19
TXN-03162,card,35.76,Cocoa,Night,Mon,Feb,1,2,24-02-2025,20:14:51,20
TXN-03163,card,30.86,Americano with Milk,Morning,Tue,Feb,2,2,25-02-2025,08:00:39,8
TXN-03164,card,25.96,Americano,Morning,Tue,Feb,2,2,25-02-2025,08:49:21,8
TXN-03165,card,30.86,Americano with Milk,Morning,Tue,Feb,2,2,25-02-2025,08:50:14,8
TXN-03166,card,21.06,Espresso,Morning,Tue,Feb,2,2,25-02-2025,10:02:45,10
TXN-03167,card,25.96,Americano,Morning,Tue,Feb,2,2,25-02-2025,11:03:34,11
TXN-03168,card,25.96,Americano,Morning,Tue,Feb,2,2,25-02-2025,11:04:27,11
TXN-03169,card,35.76,Cappuccino,Afternoon,Tue,Feb,2,2,25-02-2025,12:20:42,12
TXN-03170,card,35.76,Cappuccino,Afternoon,Tue,Feb,2,2,25-02-2025,14:14:19,14
TXN-03171,card,25.96,Americano,Afternoon,Tue,Feb,2,2,25-02-2025,16:49:37,16
TXN-03172,card,25.96,Americano,Afternoon,Tue,Feb,2,2,25-02-2025,16:50:36,16
TXN-03173,card,35.76,Cocoa,Night,Tue,Feb,2,2,25-02-2025,18:19:09,18
TXN-03174,card,35.76,Cappuccino,Night,Tue,Feb,2,2,25-02-2025,19:32:40,19
TXN-03175,card,25.96,Americano,Morning,Wed,Feb,3,2,26-02-2025,08:57:37,8
TXN-03176,card,30.86,Americano with Milk,Morning,Wed,Feb,3,2,26-02-2025,10:11:27,10
TXN-03177,card,30.86,Americano with Milk,Morning,Wed,Feb,3,2,26-02-2025,10:12:26,10
TXN-03178,card,35.76,Hot Chocolate,Morning,Wed,Feb,3,2,26-02-2025,10:16:57,10
TXN-03179,card,35.76,Cocoa,Afternoon,Wed,Feb,3,2,26-02-2025,13:13:27,13
TXN-03180,card,35.76,Latte,Afternoon,Wed,Feb,3,2,26-02-2025,13:31:24,13
TXN-03181,card,25.96,Americano,Afternoon,Wed,Feb,3,2,26-02-2025,15:01:59,15
TXN-03182,card,25.96,Americano,Afternoon,Wed,Feb,3,2,26-02-2025,15:14:48,15
TXN-03183,card,25.96,Cortado,Afternoon,Wed,Feb,3,2,26-02-2025,15:17:25,15
TXN-03184,card,35.76,Hot Chocolate,Afternoon,Wed,Feb,3,2,26-02-2025,15:20:03,15
TXN-03185,card,25.96,Americano,Afternoon,Wed,Feb,3,2,26-02-2025,15:20:49,15
TXN-03186,card,25.96,Americano,Afternoon,Wed,Feb,3,2,26-02-2025,15:28:45,15
TXN-03187,card,35.76,Latte,Afternoon,Wed,Feb,3,2,26-02-2025,16:20:47,16
TXN-03188,card,35.76,Hot Chocolate,Afternoon,Wed,Feb,3,2,26-02-2025,16:55:14,16
TXN-03189,card,35.76,Latte,Afternoon,Wed,Feb,3,2,26-02-2025,16:56:00,16
TXN-03190,card,30.86,Americano with Milk,Night,Wed,Feb,3,2,26-02-2025,17:22:45,17
TXN-03191,card,35.76,Latte,Night,Wed,Feb,3,2,26-02-2025,18:11:24,18
TXN-03192,card,35.76,Cappuccino,Night,Wed,Feb,3,2,26-02-2025,18:13:50,18
TXN-03193,card,35.76,Cappuccino,Morning,Thu,Feb,4,2,27-02-2025,07:19:00,7
TXN-03194,card,35.76,Cappuccino,Morning,Thu,Feb,4,2,27-02-2025,07:21:01,7
TXN-03195,card,21.06,Espresso,Morning,Thu,Feb,4,2,27-02-2025,10:52:29,10
TXN-03196,card,35.76,Cocoa,Morning,Thu,Feb,4,2,27-02-2025,11:08:17,11
TXN-03197,card,35.76,Cocoa,Afternoon,Thu,Feb,4,2,27-02-2025,12:48:16,12
TXN-03198,card,30.86,Americano with Milk,Afternoon,Thu,Feb,4,2,27-02-2025,13:29:48,13
TXN-03199,card,25.96,Americano,Afternoon,Thu,Feb,4,2,27-02-2025,14:23:16,14
TXN-03200,card,35.76,Latte,Afternoon,Thu,Feb,4,2,27-02-2025,14:43:19,14
TXN-03201,card,25.96,Americano,Afternoon,Thu,Feb,4,2,27-02-2025,15:47:51,15
TXN-03202,card,25.96,Americano,Afternoon,Thu,Feb,4,2,27-02-2025,16:28:28,16
TXN-03203,card,25.96,Americano,Night,Thu,Feb,4,2,27-02-2025,17:12:56,17
TXN-03204,card,25.96,Americano,Night,Thu,Feb,4,2,27-02-2025,17:23:10,17
TXN-03205,card,35.76,Latte,Night,Thu,Feb,4,2,27-02-2025,17:53:13,17
TXN-03206,card,35.76,Latte,Night,Thu,Feb,4,2,27-02-2025,18:17:29,18
TXN-03207,card,35.76,Cappuccino,Night,Thu,Feb,4,2,27-02-2025,18:38:41,18
TXN-03208,card,35.76,Cocoa,Night,Thu,Feb,4,2,27-02-2025,18:40:02,18
TXN-03209,card,35.76,Cocoa,Night,Thu,Feb,4,2,27-02-2025,18:40:52,18
TXN-03210,card,35.76,Latte,Night,Thu,Feb,4,2,27-02-2025,19:14:16,19
TXN-03211,card,35.76,Cappuccino,Night,Thu,Feb,4,2,27-02-2025,20:02:07,20
TXN-03212,card,30.86,Americano with Milk,Morning,Fri,Feb,5,2,28-02-2025,06:52:46,6
TXN-03213,card,30.86,Americano with Milk,Morning,Fri,Feb,5,2,28-02-2025,06:55:00,6
TXN-03214,card,35.76,Cappuccino,Morning,Fri,Feb,5,2,28-02-2025,07:18:37,7
TXN-03215,card,21.06,Espresso,Morning,Fri,Feb,5,2,28-02-2025,08:09:58,8
TXN-03216,card,30.86,Americano with Milk,Morning,Fri,Feb,5,2,28-02-2025,09:02:38,9
TXN-03217,card,25.96,Americano,Afternoon,Fri,Feb,5,2,28-02-2025,14:44:28,14
TXN-03218,card,25.96,Americano,Afternoon,Fri,Feb,5,2,28-02-2025,14:45:22,14
TXN-03219,card,25.96,Americano,Afternoon,Fri,Feb,5,2,28-02-2025,14:47:52,14
TXN-03220,card,35.76,Latte,Afternoon,Fri,Feb,5,2,28-02-2025,14:52:02,14
TXN-03221,card,25.96,Americano,Afternoon,Fri,Feb,5,2,28-02-2025,15:19:19,15
TXN-03222,card,35.76,Cocoa,Afternoon,Fri,Feb,5,2,28-02-2025,16:22:27,16
TXN-03223,card,25.96,Americano,Afternoon,Fri,Feb,5,2,28-02-2025,16:30:07,16
TXN-03224,card,35.76,Latte,Night,Fri,Feb,5,2,28-02-2025,17:21:01,17
TXN-03225,card,30.86,Americano with Milk,Night,Fri,Feb,5,2,28-02-2025,17:31:04,17
TXN-03226,card,25.96,Americano,Night,Fri,Feb,5,2,28-02-2025,17:32:17,17
TXN-03227,card,25.96,Americano,Night,Fri,Feb,5,2,28-02-2025,17:33:49,17
TXN-03228,card,35.76,Latte,Night,Fri,Feb,5,2,28-02-2025,18:53:49,18
TXN-03229,card,35.76,Cappuccino,Morning,Sat,Mar,6,3,01-03-2025,10:31:46,10
TXN-03230,card,25.96,Americano,Morning,Sat,Mar,6,3,01-03-2025,11:24:05,11
TXN-03231,card,25.96,Americano,Morning,Sat,Mar,6,3,01-03-2025,11:27:58,11
TXN-03232,card,35.76,Latte,Afternoon,Sat,Mar,6,3,01-03-2025,14:43:24,14
TXN-03233,card,25.96,Americano,Afternoon,Sat,Mar,6,3,01-03-2025,15:02:32,15
TXN-03234,card,30.86,Americano with Milk,Afternoon,Sat,Mar,6,3,01-03-2025,15:08:20,15
TXN-03235,card,35.76,Cappuccino,Afternoon,Sat,Mar,6,3,01-03-2025,16:42:13,16
TXN-03236,card,25.96,Americano,Night,Sat,Mar,6,3,01-03-2025,17:08:34,17
TXN-03237,card,35.76,Cocoa,Morning,Sun,Mar,7,3,02-03-2025,09:58:15,9
TXN-03238,card,35.76,Latte,Afternoon,Sun,Mar,7,3,02-03-2025,12:17:36,12
TXN-03239,card,30.86,Americano with Milk,Afternoon,Sun,Mar,7,3,02-03-2025,13:36:20,13
TXN-03240,card,30.86,Americano with Milk,Afternoon,Sun,Mar,7,3,02-03-2025,15:22:17,15
TXN-03241,card,25.96,Americano,Afternoon,Sun,Mar,7,3,02-03-2025,15:23:16,15
TXN-03242,card,25.96,Americano,Afternoon,Sun,Mar,7,3,02-03-2025,15:24:45,15
TXN-03243,card,35.76,Cappuccino,Morning,Mon,Mar,1,3,03-03-2025,08:24:02,8
TXN-03244,card,35.76,Cocoa,Morning,Mon,Mar,1,3,03-03-2025,09:46:52,9
TXN-03245,card,35.76,Latte,Morning,Mon,Mar,1,3,03-03-2025,09:48:39,9
TXN-03246,card,35.76,Hot Chocolate,Morning,Mon,Mar,1,3,03-03-2025,10:21:25,10
TXN-03247,card,35.76,Hot Chocolate,Morning,Mon,Mar,1,3,03-03-2025,10:24:47,10
TXN-03248,card,35.76,Cappuccino,Afternoon,Mon,Mar,1,3,03-03-2025,12:58:08,12
TXN-03249,card,35.76,Latte,Afternoon,Mon,Mar,1,3,03-03-2025,15:11:01,15
TXN-03250,card,25.96,Americano,Afternoon,Mon,Mar,1,3,03-03-2025,15:47:59,15
TXN-03251,card,35.76,Cocoa,Afternoon,Mon,Mar,1,3,03-03-2025,16:14:50,16
TXN-03252,card,35.76,Latte,Afternoon,Mon,Mar,1,3,03-03-2025,16:16:35,16
TXN-03253,card,35.76,Latte,Afternoon,Mon,Mar,1,3,03-03-2025,16:18:27,16
TXN-03254,card,35.76,Cappuccino,Afternoon,Mon,Mar,1,3,03-03-2025,16:40:29,16
TXN-03255,card,35.76,Cappuccino,Afternoon,Mon,Mar,1,3,03-03-2025,16:42:23,16
TXN-03256,card,25.96,Americano,Afternoon,Mon,Mar,1,3,03-03-2025,16:52:12,16
TXN-03257,card,30.86,Americano with Milk,Night,Mon,Mar,1,3,03-03-2025,17:28:43,17
TXN-03258,card,25.96,Americano,Night,Mon,Mar,1,3,03-03-2025,17:31:22,17
TXN-03259,card,35.76,Hot Chocolate,Night,Mon,Mar,1,3,03-03-2025,17:32:18,17
TXN-03260,card,25.96,Americano,Night,Mon,Mar,1,3,03-03-2025,17:32:59,17
TXN-03261,card,35.76,Hot Chocolate,Night,Mon,Mar,1,3,03-03-2025,17:57:33,17
TXN-03262,card,35.76,Hot Chocolate,Night,Mon,Mar,1,3,03-03-2025,17:58:27,17
TXN-03263,card,30.86,Americano with Milk,Night,Mon,Mar,1,3,03-03-2025,18:03:05,18
TXN-03264,card,35.76,Latte,Night,Mon,Mar,1,3,03-03-2025,18:46:53,18
TXN-03265,card,35.76,Cappuccino,Morning,Tue,Mar,2,3,04-03-2025,07:19:22,7
TXN-03266,card,25.96,Americano,Morning,Tue,Mar,2,3,04-03-2025,07:31:55,7
TXN-03267,card,30.86,Americano with Milk,Morning,Tue,Mar,2,3,04-03-2025,08:51:45,8
TXN-03268,card,25.96,Americano,Morning,Tue,Mar,2,3,04-03-2025,09:09:32,9
TXN-03269,card,25.96,Americano,Morning,Tue,Mar,2,3,04-03-2025,09:10:22,9
TXN-03270,card,25.96,Americano,Morning,Tue,Mar,2,3,04-03-2025,09:58:37,9
TXN-03271,card,30.86,Americano with Milk,Morning,Tue,Mar,2,3,04-03-2025,11:04:02,11
TXN-03272,card,25.96,Americano,Morning,Tue,Mar,2,3,04-03-2025,11:05:07,11
TXN-03273,card,25.96,Americano,Morning,Tue,Mar,2,3,04-03-2025,11:46:41,11
TXN-03274,card,25.96,Americano,Morning,Tue,Mar,2,3,04-03-2025,11:47:25,11
TXN-03275,card,25.96,Americano,Morning,Tue,Mar,2,3,04-03-2025,11:51:35,11
TXN-03276,card,35.76,Cocoa,Afternoon,Tue,Mar,2,3,04-03-2025,12:25:59,12
TXN-03277,card,25.96,Americano,Afternoon,Tue,Mar,2,3,04-03-2025,16:48:58,16
TXN-03278,card,35.76,Cocoa,Night,Tue,Mar,2,3,04-03-2025,18:43:22,18
TXN-03279,card,35.76,Latte,Night,Tue,Mar,2,3,04-03-2025,19:10:09,19
TXN-03280,card,35.76,Latte,Night,Tue,Mar,2,3,04-03-2025,20:09:01,20
TXN-03281,card,30.86,Americano with Milk,Morning,Wed,Mar,3,3,05-03-2025,08:39:52,8
TXN-03282,card,25.96,Americano,Morning,Wed,Mar,3,3,05-03-2025,09:38:24,9
TXN-03283,card,25.96,Americano,Morning,Wed,Mar,3,3,05-03-2025,10:01:14,10
TXN-03284,card,25.96,Americano,Morning,Wed,Mar,3,3,05-03-2025,10:02:04,10
TXN-03285,card,35.76,Cappuccino,Morning,Wed,Mar,3,3,05-03-2025,10:10:51,10
TXN-03286,card,30.86,Americano with Milk,Morning,Wed,Mar,3,3,05-03-2025,10:40:35,10
TXN-03287,card,35.76,Cappuccino,Morning,Wed,Mar,3,3,05-03-2025,11:08:32,11
TXN-03288,card,35.76,Cocoa,Morning,Wed,Mar,3,3,05-03-2025,11:10:54,11
TXN-03289,card,25.96,Americano,Morning,Wed,Mar,3,3,05-03-2025,11:38:51,11
TXN-03290,card,25.96,Americano,Morning,Wed,Mar,3,3,05-03-2025,11:41:22,11
TXN-03291,card,25.96,Americano,Afternoon,Wed,Mar,3,3,05-03-2025,12:12:56,12
TXN-03292,card,35.76,Latte,Afternoon,Wed,Mar,3,3,05-03-2025,15:07:51,15
TXN-03293,card,35.76,Latte,Afternoon,Wed,Mar,3,3,05-03-2025,15:21:36,15
TXN-03294,card,35.76,Hot Chocolate,Afternoon,Wed,Mar,3,3,05-03-2025,15:25:11,15
TXN-03295,card,30.86,Americano with Milk,Night,Wed,Mar,3,3,05-03-2025,17:09:57,17
TXN-03296,card,21.06,Espresso,Night,Wed,Mar,3,3,05-03-2025,17:16:24,17
TXN-03297,card,35.76,Latte,Night,Wed,Mar,3,3,05-03-2025,17:31:41,17
TXN-03298,card,35.76,Cappuccino,Night,Wed,Mar,3,3,05-03-2025,18:13:27,18
TXN-03299,card,35.76,Cocoa,Night,Wed,Mar,3,3,05-03-2025,19:02:57,19
TXN-03300,card,35.76,Hot Chocolate,Morning,Thu,Mar,4,3,06-03-2025,09:33:39,9
TXN-03301,card,21.06,Espresso,Morning,Thu,Mar,4,3,06-03-2025,09:35:53,9
TXN-03302,card,30.86,Americano with Milk,Morning,Thu,Mar,4,3,06-03-2025,10:48:05,10
TXN-03303,card,25.96,Americano,Morning,Thu,Mar,4,3,06-03-2025,10:56:47,10
TXN-03304,card,25.96,Americano,Morning,Thu,Mar,4,3,06-03-2025,10:57:35,10
TXN-03305,card,25.96,Americano,Morning,Thu,Mar,4,3,06-03-2025,11:05:44,11
TXN-03306,card,35.76,Cappuccino,Morning,Thu,Mar,4,3,06-03-2025,11:17:38,11
TXN-03307,card,35.76,Latte,Afternoon,Thu,Mar,4,3,06-03-2025,13:51:33,13
TXN-03308,card,30.86,Americano with Milk,Afternoon,Thu,Mar,4,3,06-03-2025,16:06:47,16
TXN-03309,card,35.76,Cocoa,Night,Thu,Mar,4,3,06-03-2025,17:49:11,17
TXN-03310,card,35.76,Cappuccino,Night,Thu,Mar,4,3,06-03-2025,18:27:12,18
TXN-03311,card,30.86,Americano with Milk,Night,Thu,Mar,4,3,06-03-2025,19:22:11,19
TXN-03312,card,35.76,Cappuccino,Morning,Fri,Mar,5,3,07-03-2025,07:05:42,7
TXN-03313,card,25.96,Americano,Morning,Fri,Mar,5,3,07-03-2025,08:45:11,8
TXN-03314,card,25.96,Americano,Morning,Fri,Mar,5,3,07-03-2025,08:46:04,8
TXN-03315,card,25.96,Americano,Morning,Fri,Mar,5,3,07-03-2025,09:02:41,9
TXN-03316,card,35.76,Hot Chocolate,Morning,Fri,Mar,5,3,07-03-2025,10:09:58,10
TXN-03317,card,30.86,Americano with Milk,Morning,Fri,Mar,5,3,07-03-2025,10:26:35,10
TXN-03318,card,30.86,Americano with Milk,Morning,Fri,Mar,5,3,07-03-2025,10:27:33,10
TXN-03319,card,35.76,Cocoa,Morning,Fri,Mar,5,3,07-03-2025,10:41:46,10
TXN-03320,card,35.76,Cocoa,Morning,Fri,Mar,5,3,07-03-2025,11:50:59,11
TXN-03321,card,30.86,Americano with Milk,Afternoon,Fri,Mar,5,3,07-03-2025,12:03:46,12
TXN-03322,card,35.76,Hot Chocolate,Afternoon,Fri,Mar,5,3,07-03-2025,13:43:48,13
TXN-03323,card,25.96,Americano,Afternoon,Fri,Mar,5,3,07-03-2025,13:55:32,13
TXN-03324,card,35.76,Cappuccino,Afternoon,Fri,Mar,5,3,07-03-2025,14:53:30,14
TXN-03325,card,35.76,Latte,Afternoon,Fri,Mar,5,3,07-03-2025,15:09:04,15
TXN-03326,card,35.76,Latte,Afternoon,Fri,Mar,5,3,07-03-2025,15:52:53,15
TXN-03327,card,35.76,Latte,Night,Fri,Mar,5,3,07-03-2025,17:10:29,17
TXN-03328,card,35.76,Hot Chocolate,Night,Fri,Mar,5,3,07-03-2025,17:12:24,17
TXN-03329,card,30.86,Americano with Milk,Morning,Sat,Mar,6,3,08-03-2025,09:23:45,9
TXN-03330,card,30.86,Americano with Milk,Morning,Sat,Mar,6,3,08-03-2025,09:41:53,9
TXN-03331,card,25.96,Americano,Morning,Sat,Mar,6,3,08-03-2025,10:54:14,10
TXN-03332,card,25.96,Americano,Morning,Sat,Mar,6,3,08-03-2025,11:19:46,11
TXN-03333,card,25.96,Americano,Morning,Sat,Mar,6,3,08-03-2025,11:20:32,11
TXN-03334,card,30.86,Americano with Milk,Afternoon,Sat,Mar,6,3,08-03-2025,12:41:20,12
TXN-03335,card,25.96,Americano,Afternoon,Sat,Mar,6,3,08-03-2025,12:45:05,12
TXN-03336,card,35.76,Cappuccino,Afternoon,Sat,Mar,6,3,08-03-2025,13:40:06,13
TXN-03337,card,21.06,Espresso,Morning,Sun,Mar,7,3,09-03-2025,09:42:04,9
TXN-03338,card,30.86,Americano with Milk,Morning,Sun,Mar,7,3,09-03-2025,11:25:53,11
TXN-03339,card,35.76,Cappuccino,Afternoon,Sun,Mar,7,3,09-03-2025,13:51:56,13
TXN-03340,card,25.96,Americano,Afternoon,Sun,Mar,7,3,09-03-2025,14:18:30,14
TXN-03341,card,35.76,Cappuccino,Afternoon,Sun,Mar,7,3,09-03-2025,15:12:41,15
TXN-03342,card,25.96,Americano,Afternoon,Sun,Mar,7,3,09-03-2025,15:39:07,15
TXN-03343,card,30.86,Americano with Milk,Afternoon,Sun,Mar,7,3,09-03-2025,15:52:39,15
TXN-03344,card,35.76,Cocoa,Afternoon,Sun,Mar,7,3,09-03-2025,15:53:40,15
TXN-03345,card,25.96,Americano,Morning,Mon,Mar,1,3,10-03-2025,08:34:43,8
TXN-03346,card,35.76,Latte,Morning,Mon,Mar,1,3,10-03-2025,08:35:40,8
TXN-03347,card,30.86,Americano with Milk,Morning,Mon,Mar,1,3,10-03-2025,09:06:28,9
TXN-03348,card,35.76,Hot Chocolate,Morning,Mon,Mar,1,3,10-03-2025,09:19:29,9
TXN-03349,card,35.76,Cocoa,Morning,Mon,Mar,1,3,10-03-2025,09:50:54,9
TXN-03350,card,35.76,Hot Chocolate,Morning,Mon,Mar,1,3,10-03-2025,10:18:57,10
TXN-03351,card,25.96,Americano,Afternoon,Mon,Mar,1,3,10-03-2025,12:36:15,12
TXN-03352,card,25.96,Americano,Afternoon,Mon,Mar,1,3,10-03-2025,15:32:09,15
TXN-03353,card,35.76,Hot Chocolate,Afternoon,Mon,Mar,1,3,10-03-2025,15:41:58,15
TXN-03354,card,35.76,Latte,Afternoon,Mon,Mar,1,3,10-03-2025,16:18:01,16
TXN-03355,card,35.76,Latte,Afternoon,Mon,Mar,1,3,10-03-2025,16:18:54,16
TXN-03356,card,35.76,Cappuccino,Afternoon,Mon,Mar,1,3,10-03-2025,16:24:25,16
TXN-03357,card,30.86,Americano with Milk,Afternoon,Mon,Mar,1,3,10-03-2025,16:25:32,16
TXN-03358,card,25.96,Americano,Night,Mon,Mar,1,3,10-03-2025,18:15:54,18
TXN-03359,card,35.76,Latte,Night,Mon,Mar,1,3,10-03-2025,18:48:30,18
TXN-03360,card,35.76,Latte,Night,Mon,Mar,1,3,10-03-2025,18:49:22,18
TXN-03361,card,30.86,Americano with Milk,Night,Mon,Mar,1,3,10-03-2025,19:26:43,19
TXN-03362,card,25.96,Americano,Morning,Tue,Mar,2,3,11-03-2025,08:46:26,8
TXN-03363,card,35.76,Cappuccino,Morning,Tue,Mar,2,3,11-03-2025,09:12:28,9
TXN-03364,card,35.76,Latte,Morning,Tue,Mar,2,3,11-03-2025,09:27:04,9
TXN-03365,card,25.96,Americano,Morning,Tue,Mar,2,3,11-03-2025,10:26:58,10
TXN-03366,card,25.96,Americano,Afternoon,Tue,Mar,2,3,11-03-2025,12:33:20,12
TXN-03367,card,25.96,Americano,Afternoon,Tue,Mar,2,3,11-03-2025,13:16:55,13
TXN-03368,card,35.76,Hot Chocolate,Afternoon,Tue,Mar,2,3,11-03-2025,16:29:31,16
TXN-03369,card,35.76,Cocoa,Afternoon,Tue,Mar,2,3,11-03-2025,16:30:16,16
TXN-03370,card,35.76,Hot Chocolate,Afternoon,Tue,Mar,2,3,11-03-2025,16:49:41,16
TXN-03371,card,35.76,Cappuccino,Night,Tue,Mar,2,3,11-03-2025,17:46:50,17
TXN-03372,card,30.86,Americano with Milk,Night,Tue,Mar,2,3,11-03-2025,18:56:52,18
TXN-03373,card,35.76,Latte,Night,Tue,Mar,2,3,11-03-2025,19:07:14,19
TXN-03374,card,35.76,Cocoa,Night,Tue,Mar,2,3,11-03-2025,20:08:56,20
TXN-03375,card,35.76,Cocoa,Morning,Wed,Mar,3,3,12-03-2025,11:11:39,11
TXN-03376,card,30.86,Americano with Milk,Morning,Wed,Mar,3,3,12-03-2025,11:47:34,11
TXN-03377,card,35.76,Cappuccino,Morning,Wed,Mar,3,3,12-03-2025,11:50:15,11
TXN-03378,card,25.96,Americano,Morning,Wed,Mar,3,3,12-03-2025,11:55:56,11
TXN-03379,card,25.96,Americano,Morning,Wed,Mar,3,3,12-03-2025,11:56:49,11
TXN-03380,card,25.96,Americano,Afternoon,Wed,Mar,3,3,12-03-2025,12:06:11,12
TXN-03381,card,35.76,Hot Chocolate,Afternoon,Wed,Mar,3,3,12-03-2025,12:55:38,12
TXN-03382,card,35.76,Latte,Afternoon,Wed,Mar,3,3,12-03-2025,13:01:49,13
TXN-03383,card,35.76,Latte,Afternoon,Wed,Mar,3,3,12-03-2025,13:56:24,13
TXN-03384,card,35.76,Cappuccino,Afternoon,Wed,Mar,3,3,12-03-2025,16:27:37,16
TXN-03385,card,35.76,Latte,Afternoon,Wed,Mar,3,3,12-03-2025,16:35:04,16
TXN-03386,card,35.76,Latte,Afternoon,Wed,Mar,3,3,12-03-2025,16:36:01,16
TXN-03387,card,25.96,Americano,Night,Wed,Mar,3,3,12-03-2025,18:10:34,18
TXN-03388,card,35.76,Cocoa,Night,Wed,Mar,3,3,12-03-2025,18:17:18,18
TXN-03389,card,25.96,Americano,Night,Wed,Mar,3,3,12-03-2025,18:24:40,18
TXN-03390,card,35.76,Cappuccino,Night,Wed,Mar,3,3,12-03-2025,18:38:57,18
TXN-03391,card,25.96,Americano,Night,Wed,Mar,3,3,12-03-2025,18:42:14,18
TXN-03392,card,35.76,Cappuccino,Morning,Thu,Mar,4,3,13-03-2025,07:01:36,7
TXN-03393,card,30.86,Americano with Milk,Morning,Thu,Mar,4,3,13-03-2025,08:23:17,8
TXN-03394,card,30.86,Americano with Milk,Morning,Thu,Mar,4,3,13-03-2025,09:04:47,9
TXN-03395,card,35.76,Latte,Morning,Thu,Mar,4,3,13-03-2025,09:20:09,9
TXN-03396,card,21.06,Espresso,Morning,Thu,Mar,4,3,13-03-2025,09:22:05,9
TXN-03397,card,25.96,Americano,Morning,Thu,Mar,4,3,13-03-2025,09:38:20,9
TXN-03398,card,30.86,Americano with Milk,Morning,Thu,Mar,4,3,13-03-2025,09:39:15,9
TXN-03399,card,25.96,Americano,Morning,Thu,Mar,4,3,13-03-2025,11:18:02,11
TXN-03400,card,35.76,Latte,Afternoon,Thu,Mar,4,3,13-03-2025,12:13:37,12
TXN-03401,card,30.86,Americano with Milk,Afternoon,Thu,Mar,4,3,13-03-2025,14:53:50,14
TXN-03402,card,25.96,Americano,Afternoon,Thu,Mar,4,3,13-03-2025,14:55:32,14
TXN-03403,card,35.76,Cappuccino,Night,Thu,Mar,4,3,13-03-2025,18:47:44,18
TXN-03404,card,25.96,Americano,Morning,Fri,Mar,5,3,14-03-2025,07:55:06,7
TXN-03405,card,30.86,Americano with Milk,Morning,Fri,Mar,5,3,14-03-2025,08:13:40,8
TXN-03406,card,25.96,Americano,Morning,Fri,Mar,5,3,14-03-2025,08:59:27,8
TXN-03407,card,35.76,Latte,Morning,Fri,Mar,5,3,14-03-2025,09:00:30,9
TXN-03408,card,21.06,Espresso,Morning,Fri,Mar,5,3,14-03-2025,09:26:08,9
TXN-03409,card,25.96,Americano,Morning,Fri,Mar,5,3,14-03-2025,09:28:37,9
TXN-03410,card,25.96,Americano,Morning,Fri,Mar,5,3,14-03-2025,10:20:51,10
TXN-03411,card,35.76,Latte,Morning,Fri,Mar,5,3,14-03-2025,10:48:23,10
TXN-03412,card,35.76,Cappuccino,Morning,Fri,Mar,5,3,14-03-2025,10:49:28,10
TXN-03413,card,25.96,Americano,Afternoon,Fri,Mar,5,3,14-03-2025,14:35:17,14
TXN-03414,card,35.76,Latte,Afternoon,Fri,Mar,5,3,14-03-2025,14:36:22,14
TXN-03415,card,35.76,Latte,Afternoon,Fri,Mar,5,3,14-03-2025,15:54:21,15
TXN-03416,card,35.76,Latte,Afternoon,Fri,Mar,5,3,14-03-2025,15:55:41,15
TXN-03417,card,25.96,Americano,Afternoon,Fri,Mar,5,3,14-03-2025,16:27:04,16
TXN-03418,card,35.76,Cocoa,Afternoon,Fri,Mar,5,3,14-03-2025,16:31:00,16
TXN-03419,card,35.76,Cocoa,Afternoon,Fri,Mar,5,3,14-03-2025,16:31:55,16
TXN-03420,card,35.76,Cocoa,Afternoon,Fri,Mar,5,3,14-03-2025,16:32:40,16
TXN-03421,card,25.96,Americano,Night,Fri,Mar,5,3,14-03-2025,17:05:24,17
TXN-03422,card,25.96,Americano,Night,Fri,Mar,5,3,14-03-2025,17:22:15,17
TXN-03423,card,35.76,Latte,Night,Fri,Mar,5,3,14-03-2025,17:27:15,17
TXN-03424,card,35.76,Latte,Night,Fri,Mar,5,3,14-03-2025,17:28:38,17
TXN-03425,card,25.96,Americano,Night,Fri,Mar,5,3,14-03-2025,20:20:22,20
TXN-03426,card,25.96,Americano,Night,Fri,Mar,5,3,14-03-2025,21:40:44,21
TXN-03427,card,30.86,Americano with Milk,Morning,Sat,Mar,6,3,15-03-2025,09:53:22,9
TXN-03428,card,35.76,Cappuccino,Morning,Sat,Mar,6,3,15-03-2025,10:03:23,10
TXN-03429,card,25.96,Americano,Afternoon,Sat,Mar,6,3,15-03-2025,13:55:42,13
TXN-03430,card,35.76,Cappuccino,Night,Sat,Mar,6,3,15-03-2025,17:10:23,17
TXN-03431,card,30.86,Americano with Milk,Night,Sat,Mar,6,3,15-03-2025,17:12:08,17
TXN-03432,card,30.86,Americano with Milk,Night,Sat,Mar,6,3,15-03-2025,19:30:37,19
TXN-03433,card,35.76,Cappuccino,Night,Sat,Mar,6,3,15-03-2025,19:51:27,19
TXN-03434,card,35.76,Cappuccino,Morning,Sun,Mar,7,3,16-03-2025,09:32:17,9
TXN-03435,card,30.86,Americano with Milk,Morning,Sun,Mar,7,3,16-03-2025,09:36:23,9
TXN-03436,card,35.76,Latte,Morning,Sun,Mar,7,3,16-03-2025,10:50:09,10
TXN-03437,card,35.76,Hot Chocolate,Afternoon,Sun,Mar,7,3,16-03-2025,12:00:47,12
TXN-03438,card,25.96,Americano,Afternoon,Sun,Mar,7,3,16-03-2025,14:22:43,14
TXN-03439,card,25.96,Americano,Morning,Mon,Mar,1,3,17-03-2025,06:54:41,6
TXN-03440,card,25.96,Americano,Morning,Mon,Mar,1,3,17-03-2025,08:09:50,8
TXN-03441,card,25.96,Americano,Morning,Mon,Mar,1,3,17-03-2025,08:18:03,8
TXN-03442,card,30.86,Americano with Milk,Morning,Mon,Mar,1,3,17-03-2025,09:02:59,9
TXN-03443,card,25.96,Americano,Morning,Mon,Mar,1,3,17-03-2025,10:32:40,10
TXN-03444,card,25.96,Americano,Afternoon,Mon,Mar,1,3,17-03-2025,13:59:01,13
TXN-03445,card,35.76,Cocoa,Afternoon,Mon,Mar,1,3,17-03-2025,14:21:25,14
TXN-03446,card,35.76,Cocoa,Afternoon,Mon,Mar,1,3,17-03-2025,14:22:20,14
TXN-03447,card,35.76,Latte,Afternoon,Mon,Mar,1,3,17-03-2025,14:48:04,14
TXN-03448,card,35.76,Cappuccino,Afternoon,Mon,Mar,1,3,17-03-2025,15:11:17,15
TXN-03449,card,35.76,Latte,Afternoon,Mon,Mar,1,3,17-03-2025,15:47:16,15
TXN-03450,card,35.76,Latte,Afternoon,Mon,Mar,1,3,17-03-2025,15:48:58,15
TXN-03451,card,25.96,Americano,Afternoon,Mon,Mar,1,3,17-03-2025,16:46:45,16
TXN-03452,card,30.86,Americano with Milk,Morning,Tue,Mar,2,3,18-03-2025,08:23:11,8
TXN-03453,card,35.76,Latte,Morning,Tue,Mar,2,3,18-03-2025,08:33:50,8
TXN-03454,card,35.76,Latte,Morning,Tue,Mar,2,3,18-03-2025,10:49:51,10
TXN-03455,card,25.96,Americano,Morning,Tue,Mar,2,3,18-03-2025,10:51:18,10
TXN-03456,card,35.76,Hot Chocolate,Morning,Tue,Mar,2,3,18-03-2025,11:47:20,11
TXN-03457,card,35.76,Hot Chocolate,Morning,Tue,Mar,2,3,18-03-2025,11:48:56,11
TXN-03458,card,30.86,Americano with Milk,Afternoon,Tue,Mar,2,3,18-03-2025,14:43:35,14
TXN-03459,card,25.96,Americano,Afternoon,Tue,Mar,2,3,18-03-2025,15:03:53,15
TXN-03460,card,30.86,Americano with Milk,Afternoon,Tue,Mar,2,3,18-03-2025,15:11:07,15
TXN-03461,card,25.96,Americano,Afternoon,Tue,Mar,2,3,18-03-2025,16:09:08,16
TXN-03462,card,35.76,Latte,Afternoon,Tue,Mar,2,3,18-03-2025,16:11:45,16
TXN-03463,card,21.06,Espresso,Afternoon,Tue,Mar,2,3,18-03-2025,16:23:21,16
TXN-03464,card,35.76,Cocoa,Night,Tue,Mar,2,3,18-03-2025,18:42:31,18
TXN-03465,card,35.76,Cocoa,Night,Tue,Mar,2,3,18-03-2025,18:43:17,18
TXN-03466,card,35.76,Cocoa,Night,Tue,Mar,2,3,18-03-2025,20:00:35,20
TXN-03467,card,35.76,Cocoa,Night,Tue,Mar,2,3,18-03-2025,20:01:38,20
TXN-03468,card,35.76,Latte,Night,Tue,Mar,2,3,18-03-2025,21:20:40,21
TXN-03469,card,25.96,Americano,Morning,Wed,Mar,3,3,19-03-2025,07:03:07,7
TXN-03470,card,25.96,Americano,Morning,Wed,Mar,3,3,19-03-2025,07:04:09,7
TXN-03471,card,35.76,Cappuccino,Morning,Wed,Mar,3,3,19-03-2025,07:06:35,7
TXN-03472,card,25.96,Americano,Morning,Wed,Mar,3,3,19-03-2025,08:03:18,8
TXN-03473,card,35.76,Hot Chocolate,Morning,Wed,Mar,3,3,19-03-2025,10:18:39,10
TXN-03474,card,25.96,Americano,Morning,Wed,Mar,3,3,19-03-2025,11:55:40,11
TXN-03475,card,25.96,Americano,Afternoon,Wed,Mar,3,3,19-03-2025,12:58:27,12
TXN-03476,card,35.76,Latte,Afternoon,Wed,Mar,3,3,19-03-2025,15:12:53,15
TXN-03477,card,35.76,Latte,Afternoon,Wed,Mar,3,3,19-03-2025,15:14:23,15
TXN-03478,card,35.76,Latte,Afternoon,Wed,Mar,3,3,19-03-2025,16:19:34,16
TXN-03479,card,25.96,Americano,Afternoon,Wed,Mar,3,3,19-03-2025,16:29:56,16
TXN-03480,card,35.76,Cappuccino,Afternoon,Wed,Mar,3,3,19-03-2025,16:40:34,16
TXN-03481,card,35.76,Cappuccino,Afternoon,Wed,Mar,3,3,19-03-2025,16:42:16,16
TXN-03482,card,25.96,Americano,Afternoon,Wed,Mar,3,3,19-03-2025,16:51:35,16
TXN-03483,card,25.96,Americano,Afternoon,Wed,Mar,3,3,19-03-2025,16:52:30,16
TXN-03484,card,35.76,Cocoa,Night,Wed,Mar,3,3,19-03-2025,17:00:00,17
TXN-03485,card,30.86,Americano with Milk,Night,Wed,Mar,3,3,19-03-2025,17:09:55,17
TXN-03486,card,30.86,Americano with Milk,Night,Wed,Mar,3,3,19-03-2025,17:27:40,17
TXN-03487,card,25.96,Cortado,Night,Wed,Mar,3,3,19-03-2025,18:29:50,18
TXN-03488,card,21.06,Espresso,Night,Wed,Mar,3,3,19-03-2025,18:30:44,18
TXN-03489,card,21.06,Espresso,Night,Wed,Mar,3,3,19-03-2025,18:31:26,18
TXN-03490,card,30.86,Americano with Milk,Morning,Thu,Mar,4,3,20-03-2025,08:13:16,8
TXN-03491,card,30.86,Americano with Milk,Morning,Thu,Mar,4,3,20-03-2025,09:52:05,9
TXN-03492,card,30.86,Americano with Milk,Morning,Thu,Mar,4,3,20-03-2025,10:06:44,10
TXN-03493,card,25.96,Americano,Morning,Thu,Mar,4,3,20-03-2025,10:45:44,10
TXN-03494,card,25.96,Americano,Morning,Thu,Mar,4,3,20-03-2025,10:55:17,10
TXN-03495,card,25.96,Americano,Afternoon,Thu,Mar,4,3,20-03-2025,12:48:24,12
TXN-03496,card,25.96,Americano,Afternoon,Thu,Mar,4,3,20-03-2025,14:04:44,14
TXN-03497,card,25.96,Americano,Afternoon,Thu,Mar,4,3,20-03-2025,14:20:38,14
TXN-03498,card,21.06,Espresso,Afternoon,Thu,Mar,4,3,20-03-2025,14:21:42,14
TXN-03499,card,25.96,Cortado,Afternoon,Thu,Mar,4,3,20-03-2025,14:25:05,14
TXN-03500,card,35.76,Cappuccino,Afternoon,Thu,Mar,4,3,20-03-2025,14:26:47,14
TXN-03501,card,35.76,Cappuccino,Afternoon,Thu,Mar,4,3,20-03-2025,14:59:47,14
TXN-03502,card,25.96,Americano,Afternoon,Thu,Mar,4,3,20-03-2025,15:05:22,15
TXN-03503,card,25.96,Americano,Afternoon,Thu,Mar,4,3,20-03-2025,15:21:52,15
TXN-03504,card,35.76,Cappuccino,Afternoon,Thu,Mar,4,3,20-03-2025,16:45:45,16
TXN-03505,card,25.96,Americano,Night,Thu,Mar,4,3,20-03-2025,17:23:51,17
TXN-03506,card,35.76,Hot Chocolate,Night,Thu,Mar,4,3,20-03-2025,18:55:59,18
TXN-03507,card,35.76,Cocoa,Night,Thu,Mar,4,3,20-03-2025,19:36:42,19
TXN-03508,card,35.76,Cappuccino,Night,Thu,Mar,4,3,20-03-2025,19:57:48,19
TXN-03509,card,35.76,Latte,Night,Thu,Mar,4,3,20-03-2025,21:50:16,21
TXN-03510,card,30.86,Americano with Milk,Morning,Fri,Mar,5,3,21-03-2025,07:06:12,7
TXN-03511,card,30.86,Americano with Milk,Morning,Fri,Mar,5,3,21-03-2025,07:09:08,7
TXN-03512,card,25.96,Americano,Morning,Fri,Mar,5,3,21-03-2025,08:16:44,8
TXN-03513,card,25.96,Americano,Morning,Fri,Mar,5,3,21-03-2025,08:28:37,8
TXN-03514,card,25.96,Americano,Morning,Fri,Mar,5,3,21-03-2025,08:29:21,8
TXN-03515,card,35.76,Cappuccino,Morning,Fri,Mar,5,3,21-03-2025,08:35:19,8
TXN-03516,card,25.96,Americano,Morning,Fri,Mar,5,3,21-03-2025,11:50:09,11
TXN-03517,card,35.76,Latte,Morning,Fri,Mar,5,3,21-03-2025,11:51:08,11
TXN-03518,card,25.96,Americano,Afternoon,Fri,Mar,5,3,21-03-2025,13:02:48,13
TXN-03519,card,35.76,Latte,Afternoon,Fri,Mar,5,3,21-03-2025,13:23:57,13
TXN-03520,card,35.76,Cappuccino,Afternoon,Fri,Mar,5,3,21-03-2025,14:11:44,14
TXN-03521,card,35.76,Cappuccino,Afternoon,Fri,Mar,5,3,21-03-2025,15:09:03,15
TXN-03522,card,25.96,Americano,Afternoon,Fri,Mar,5,3,21-03-2025,15:24:43,15
TXN-03523,card,35.76,Latte,Afternoon,Fri,Mar,5,3,21-03-2025,15:28:20,15
TXN-03524,card,35.76,Cappuccino,Afternoon,Fri,Mar,5,3,21-03-2025,15:29:32,15
TXN-03525,card,35.76,Hot Chocolate,Night,Fri,Mar,5,3,21-03-2025,17:01:29,17
TXN-03526,card,35.76,Latte,Night,Fri,Mar,5,3,21-03-2025,17:21:17,17
TXN-03527,card,35.76,Latte,Night,Fri,Mar,5,3,21-03-2025,17:22:50,17
TXN-03528,card,35.76,Latte,Night,Fri,Mar,5,3,21-03-2025,18:52:13,18
TXN-03529,card,25.96,Americano,Night,Fri,Mar,5,3,21-03-2025,18:59:24,18
TXN-03530,card,30.86,Americano with Milk,Morning,Sat,Mar,6,3,22-03-2025,09:05:13,9
TXN-03531,card,30.86,Americano with Milk,Morning,Sat,Mar,6,3,22-03-2025,10:30:09,10
TXN-03532,card,35.76,Hot Chocolate,Morning,Sat,Mar,6,3,22-03-2025,11:14:06,11
TXN-03533,card,35.76,Cocoa,Morning,Sat,Mar,6,3,22-03-2025,11:41:21,11
TXN-03534,card,30.86,Americano with Milk,Afternoon,Sat,Mar,6,3,22-03-2025,12:18:27,12
TXN-03535,card,25.96,Americano,Afternoon,Sat,Mar,6,3,22-03-2025,12:26:00,12
TXN-03536,card,25.96,Americano,Afternoon,Sat,Mar,6,3,22-03-2025,13:06:22,13
TXN-03537,card,30.86,Americano with Milk,Afternoon,Sat,Mar,6,3,22-03-2025,13:23:18,13
TXN-03538,card,21.06,Espresso,Afternoon,Sat,Mar,6,3,22-03-2025,15:57:58,15
TXN-03539,card,35.76,Latte,Afternoon,Sat,Mar,6,3,22-03-2025,16:27:00,16
TXN-03540,card,30.86,Americano with Milk,Night,Sat,Mar,6,3,22-03-2025,17:53:36,17
TXN-03541,card,30.86,Americano with Milk,Night,Sat,Mar,6,3,22-03-2025,19:16:53,19
TXN-03542,card,35.76,Latte,Morning,Sun,Mar,7,3,23-03-2025,10:07:11,10
TXN-03543,card,35.76,Cappuccino,Morning,Sun,Mar,7,3,23-03-2025,10:34:55,10
TXN-03544,card,35.76,Cocoa,Afternoon,Sun,Mar,7,3,23-03-2025,14:43:37,14
TXN-03545,card,35.76,Cocoa,Afternoon,Sun,Mar,7,3,23-03-2025,14:44:17,14
TXN-03546,card,25.96,Americano,Afternoon,Sun,Mar,7,3,23-03-2025,15:47:29,15
TXN-03547,card,35.76,Latte,Night,Sun,Mar,7,3,23-03-2025,18:11:39,18
